Code   	City	Municipality	Province
1000   	Brussel	Brussel	Région de Bruxelles-Capitale
1020	Laken	Brussel	Région de Bruxelles-Capitale
1030	Schaarbeek	Schaarbeek	Région de Bruxelles-Capitale
1040	Etterbeek	Etterbeek	Région de Bruxelles-Capitale
1050	Elsene	Elsene	Région de Bruxelles-Capitale
1060	Sint-Gillis	Sint-Gillis	Région de Bruxelles-Capitale
1080	Sint-Jans-Molenbeek	Sint-Jans-Molenbeek	Région de Bruxelles-Capitale
1081	Koekelberg	Koekelberg	Région de Bruxelles-Capitale
1082	Sint-Agatha-Berchem	Sint-Agatha-Berchem	Région de Bruxelles-Capitale
1083	Ganshoren	Ganshoren	Région de Bruxelles-Capitale
1090	Jette	Jette	Région de Bruxelles-Capitale
1120	Neder-Over-Heembeek	Brussel	Région de Bruxelles-Capitale
1130	Haren	Brussel	Région de Bruxelles-Capitale
1140	Evere	Evere	Région de Bruxelles-Capitale
1150	Sint-Pieters-Woluwe	Sint-Pieters-Woluwe	Région de Bruxelles-Capitale
1160	Oudergem	Oudergem	Région de Bruxelles-Capitale
1170	Watermaal-Bosvoorde	Watermaal-Bosvoorde	Région de Bruxelles-Capitale
1180	Ukkel	Ukkel	Région de Bruxelles-Capitale
1190	Vorst	Vorst	Région de Bruxelles-Capitale
1200	Sint-Lambrechts-Woluwe	Sint-Lambrechts-Woluwe	Région de Bruxelles-Capitale
1210	Sint-Joost-ten-Node	Sint-Joost-ten-Node	Région de Bruxelles-Capitale
1300	Wavre	Wavre	Brabant wallon
1300	Limal	Wavre	Brabant wallon
1301	Bierges	Wavre	Brabant wallon
1310	La Hulpe	La Hulpe	Brabant wallon
1315	Incourt	Incourt	Brabant wallon
1315	Opprebais	Incourt	Brabant wallon
1315	Piétrebais	Incourt	Brabant wallon
1315	Glimes	Incourt	Brabant wallon
1315	Roux-Miroir	Incourt	Brabant wallon
1320	Beauvechain	Beauvechain	Brabant wallon
1320	Hamme-Mille	Beauvechain	Brabant wallon
1320	Tourinnes-la-Grosse	Beauvechain	Brabant wallon
1320	Nodebais	Beauvechain	Brabant wallon
1320	L’Ecluse	Beauvechain	Brabant wallon
1325	Chaumont-Gistoux	Chaumont-Gistoux	Brabant wallon
1325	Corroy-le-Grand	Chaumont-Gistoux	Brabant wallon
1325	Longueville	Chaumont-Gistoux	Brabant wallon
1325	Bonlez	Chaumont-Gistoux	Brabant wallon
1325	Dion-Valmont	Chaumont-Gistoux	Brabant wallon
1330	Rixensart	Rixensart	Brabant wallon
1332	Genval	Rixensart	Brabant wallon
1340	Ottignies-Louvain-la-Neuve	Ottignies-Louvain-la-Neuve	Brabant wallon
1340	Ottignies	Ottignies-Louvain-la-Neuve	Brabant wallon
1341	Céroux-Mousty	Ottignies-Louvain-la-Neuve	Brabant wallon
1342	Limelette	Ottignies-Louvain-la-Neuve	Brabant wallon
1348	Louvain-la-Neuve	Ottignies-Louvain-la-Neuve	Brabant wallon
1350	Orp-Jauche	Orp-Jauche	Brabant wallon
1350	Jauche	Orp-Jauche	Brabant wallon
1350	Orp-le-Grand	Orp-Jauche	Brabant wallon
1350	Jandrain-Jandrenouille	Orp-Jauche	Brabant wallon
1350	Noduwez	Orp-Jauche	Brabant wallon
1350	Marilles	Orp-Jauche	Brabant wallon
1350	Folx-les-Caves	Orp-Jauche	Brabant wallon
1350	Énines	Orp-Jauche	Brabant wallon
1351	Rosières	Rixensart	Brabant wallon
1357	Hélécine	Hélécine	Brabant wallon
1357	Neerheylissem	Hélécine	Brabant wallon
1357	Opheylissem	Hélécine	Brabant wallon
1357	Linsmeau	Hélécine	Brabant wallon
1360	Perwez	Perwez	Brabant wallon
1360	Thorembais-Saint-Trond	Perwez	Brabant wallon
1360	Malèves-Sainte-Marie-Wastines	Perwez	Brabant wallon
1360	Thorembais-les-Béguines	Perwez	Brabant wallon
1360	Orbais	Perwez	Brabant wallon
1367	Ramillies	Ramillies	Brabant wallon
1367	Huppaye	Ramillies	Brabant wallon
1367	Geest-Gérompont-Petit-Rosière	Ramillies	Brabant wallon
1367	Ramillies-Offus	Ramillies	Brabant wallon
1367	Autre-Église	Ramillies	Brabant wallon
1367	Mont-Saint-André	Ramillies	Brabant wallon
1367	Grand-Rosière-Hottomont	Ramillies	Brabant wallon
1367	Bomal	Ramillies	Brabant wallon
1367	Gérompont	Ramillies	Brabant wallon
1370	Jodoigne	Jodoigne	Brabant wallon
1370	Zétrud-Lumay	Jodoigne	Brabant wallon
1370	Mélin	Jodoigne	Brabant wallon
1370	Piétrain	Jodoigne	Brabant wallon
1370	Lathuy	Jodoigne	Brabant wallon
1370	Saint-Jean-Geest	Jodoigne	Brabant wallon
1370	Saint-Remy-Geest	Jodoigne	Brabant wallon
1370	Dongelberg	Jodoigne	Brabant wallon
1370	Jodoigne-Souveraine	Jodoigne	Brabant wallon
1370	Jauchelette	Jodoigne	Brabant wallon
1380	Lasne	Lasne	Brabant wallon
1380	Ohain	Lasne	Brabant wallon
1380	Lasne-Chapelle-Saint-Lambert	Lasne	Brabant wallon
1380	Plancenoit	Lasne	Brabant wallon
1380	Couture-Saint-Germain	Lasne	Brabant wallon
1380	Maransart	Lasne	Brabant wallon
1390	Grez-Doiceau	Grez-Doiceau	Brabant wallon
1390	Bossut-Gottechain	Grez-Doiceau	Brabant wallon
1390	Nethen	Grez-Doiceau	Brabant wallon
1390	Archennes	Grez-Doiceau	Brabant wallon
1390	Biez	Grez-Doiceau	Brabant wallon
1400	Nivelles	Nivelles	Brabant wallon
1400	Monstreux	Nivelles	Brabant wallon
1401	Baulers	Nivelles	Brabant wallon
1402	Thines	Nivelles	Brabant wallon
1404	Bornival	Nivelles	Brabant wallon
1410	Waterloo	Waterloo	Brabant wallon
1420	Braine-l’Alleud	Braine-l’Alleud	Brabant wallon
1421	Ophain-Bois-Seigneur-Isaac	Braine-l’Alleud	Brabant wallon
1428	Lillois-Witterzée	Braine-l’Alleud	Brabant wallon
1430	Rebecq	Rebecq	Brabant wallon
1430	Rebecq-Rognon	Rebecq	Brabant wallon
1430	Quenast	Rebecq	Brabant wallon
1430	Bierghes	Rebecq	Brabant wallon
1435	Mont-Saint-Guibert	Mont-Saint-Guibert	Brabant wallon
1435	Hévillers	Mont-Saint-Guibert	Brabant wallon
1435	Corbais	Mont-Saint-Guibert	Brabant wallon
1440	Braine-le-Château	Braine-le-Château	Brabant wallon
1440	Wauthier-Braine	Braine-le-Château	Brabant wallon
1450	Chastre	Chastre	Brabant wallon
1450	Cortil-Noirmont	Chastre	Brabant wallon
1450	Gentinnes	Chastre	Brabant wallon
1450	Saint-Géry	Chastre	Brabant wallon
1457	Walhain	Walhain	Brabant wallon
1457	Walhain-Saint-Paul	Walhain	Brabant wallon
1457	Tourinnes-Saint-Lambert	Walhain	Brabant wallon
1457	Nil-Saint-Vincent-Saint-Martin	Walhain	Brabant wallon
1460	Ittre	Ittre	Brabant wallon
1460	Virginal-Samme	Ittre	Brabant wallon
1461	Haut-Ittre	Ittre	Brabant wallon
1470	Genappe	Genappe	Brabant wallon
1470	Baisy-Thy	Genappe	Brabant wallon
1470	Bousval	Genappe	Brabant wallon
1471	Loupoigne	Genappe	Brabant wallon
1472	Vieux-Genappe	Genappe	Brabant wallon
1473	Glabais	Genappe	Brabant wallon
1474	Ways	Genappe	Brabant wallon
1476	Houtain-le-Val	Genappe	Brabant wallon
1480	Tubize	Tubize	Brabant wallon
1480	Saintes	Tubize	Brabant wallon
1480	Clabecq	Tubize	Brabant wallon
1480	Oisquercq	Tubize	Brabant wallon
1490	Court-Saint-Étienne	Court-Saint-Étienne	Brabant wallon
1495	Villers-la-Ville	Villers-la-Ville	Brabant wallon
1495	Marbais	Villers-la-Ville	Brabant wallon
1495	Sart-Dames-Avelines	Villers-la-Ville	Brabant wallon
1495	Tilly	Villers-la-Ville	Brabant wallon
1495	Mellery	Villers-la-Ville	Brabant wallon
1500	Halle	Halle	Brabant flamand
1501	Buizingen	Halle	Brabant flamand
1502	Lembeek	Halle	Brabant flamand
1540	Herne	Herne	Brabant flamand
1540	Herfelingen	Herne	Brabant flamand
1541	Sint-Pieters-Kapelle	Herne	Brabant flamand
1547	Bever	Bever	Brabant flamand
1560	Hoeilaart	Hoeilaart	Brabant flamand
1570	Galmaarden	Galmaarden	Brabant flamand
1570	Tollembeek	Galmaarden	Brabant flamand
1570	Vollezele	Galmaarden	Brabant flamand
1600	Sint-Pieters-Leeuw	Sint-Pieters-Leeuw	Brabant flamand
1600	Oudenaken	Sint-Pieters-Leeuw	Brabant flamand
1600	Sint-Laureins-Berchem	Sint-Pieters-Leeuw	Brabant flamand
1601	Ruisbroek	Sint-Pieters-Leeuw	Brabant flamand
1602	Vlezenbeek	Sint-Pieters-Leeuw	Brabant flamand
1620	Drogenbos	Drogenbos	Brabant flamand
1630	Linkebeek	Linkebeek	Brabant flamand
1640	Sint-Genesius-Rode	Sint-Genesius-Rode	Brabant flamand
1650	Beersel	Beersel	Brabant flamand
1651	Lot	Beersel	Brabant flamand
1652	Alsemberg	Beersel	Brabant flamand
1653	Dworp	Beersel	Brabant flamand
1654	Huizingen	Beersel	Brabant flamand
1670	Pepingen	Pepingen	Brabant flamand
1670	Heikruis	Pepingen	Brabant flamand
1670	Bogaarden	Pepingen	Brabant flamand
1671	Elingen	Pepingen	Brabant flamand
1673	Beert	Pepingen	Brabant flamand
1674	Bellingen	Pepingen	Brabant flamand
1700	Dilbeek	Dilbeek	Brabant flamand
1700	Sint-Martens-Bodegem	Dilbeek	Brabant flamand
1700	Sint-Ulriks-Kapelle	Dilbeek	Brabant flamand
1701	Itterbeek	Dilbeek	Brabant flamand
1702	Groot-Bijgaarden	Dilbeek	Brabant flamand
1703	Schepdaal	Dilbeek	Brabant flamand
1730	Asse	Asse	Brabant flamand
1730	Mollem	Asse	Brabant flamand
1730	Kobbegem	Asse	Brabant flamand
1730	Bekkerzeel	Asse	Brabant flamand
1731	Zellik	Asse	Brabant flamand
1731	Relegem	Asse	Brabant flamand
1740	Ternat	Ternat	Brabant flamand
1741	Wambeek	Ternat	Brabant flamand
1742	Sint-Katherina-Lombeek	Ternat	Brabant flamand
1745	Opwijk	Opwijk	Brabant flamand
1745	Mazenzele	Opwijk	Brabant flamand
1750	Lennik	Lennik	Brabant flamand
1750	Sint-Kwintens-Lennik	Lennik	Brabant flamand
1750	Sint-Martens-Lennik	Lennik	Brabant flamand
1750	Gaasbeek	Lennik	Brabant flamand
1755	Gooik	Gooik	Brabant flamand
1755	Kester	Gooik	Brabant flamand
1755	Leerbeek	Gooik	Brabant flamand
1755	Oetingen	Gooik	Brabant flamand
1760	Roosdaal	Roosdaal	Brabant flamand
1760	Pamel	Roosdaal	Brabant flamand
1760	Onze-Lieve-Vrouw-Lombeek	Roosdaal	Brabant flamand
1760	Strijtem	Roosdaal	Brabant flamand
1761	Borchtlombeek	Roosdaal	Brabant flamand
1770	Liedekerke	Liedekerke	Brabant flamand
1780	Wemmel	Wemmel	Brabant flamand
1785	Merchtem	Merchtem	Brabant flamand
1785	Brussegem	Merchtem	Brabant flamand
1785	Hamme	Merchtem	Brabant flamand
1790	Affligem	Affligem	Brabant flamand
1790	Essene	Affligem	Brabant flamand
1790	Hekelgem	Affligem	Brabant flamand
1790	Teralfene	Affligem	Brabant flamand
1800	Vilvoorde	Vilvoorde	Brabant flamand
1800	Peutie	Vilvoorde	Brabant flamand
1820	Steenokkerzeel	Steenokkerzeel	Brabant flamand
1820	Perk	Steenokkerzeel	Brabant flamand
1820	Melsbroek	Steenokkerzeel	Brabant flamand
1830	Machelen	Machelen	Brabant flamand
1831	Diegem	Machelen	Brabant flamand
1840	Londerzeel	Londerzeel	Brabant flamand
1840	Malderen	Londerzeel	Brabant flamand
1840	Steenhuffel	Londerzeel	Brabant flamand
1850	Grimbergen	Grimbergen	Brabant flamand
1851	Humbeek	Grimbergen	Brabant flamand
1852	Beigem	Grimbergen	Brabant flamand
1853	Strombeek-Bever	Grimbergen	Brabant flamand
1860	Meise	Meise	Brabant flamand
1861	Wolvertem	Meise	Brabant flamand
1880	Kapelle-op-den-Bos	Kapelle-op-den-Bos	Brabant flamand
1880	Nieuwenrode	Kapelle-op-den-Bos	Brabant flamand
1880	Ramsdonk	Kapelle-op-den-Bos	Brabant flamand
1910	Kampenhout	Kampenhout	Brabant flamand
1910	Nederokkerzeel	Kampenhout	Brabant flamand
1910	Berg	Kampenhout	Brabant flamand
1910	Buken	Kampenhout	Brabant flamand
1930	Zaventem	Zaventem	Brabant flamand
1930	Nossegem	Zaventem	Brabant flamand
1932	Sint-Stevens-Woluwe	Zaventem	Brabant flamand
1933	Sterrebeek	Zaventem	Brabant flamand
1950	Kraainem	Kraainem	Brabant flamand
1970	Wezembeek-Oppem	Wezembeek-Oppem	Brabant flamand
1980	Zemst	Zemst	Brabant flamand
1980	Eppegem	Zemst	Brabant flamand
1981	Hofstade	Zemst	Brabant flamand
1982	Elewijt	Zemst	Brabant flamand
1982	Weerde	Zemst	Brabant flamand
2000	Anvers	Anvers	Anvers
2040	Berendrecht	Anvers	Anvers
2040	Zandvliet	Anvers	Anvers
2040	Lillo	Anvers	Anvers
2070	Zwijndrecht	Zwijndrecht	Anvers
2070	Burcht	Zwijndrecht	Anvers
2100	Deurne	Anvers	Anvers
2110	Wijnegem	Wijnegem	Anvers
2140	Borgerhout	Anvers	Anvers
2150	Borsbeek	Borsbeek	Anvers
2160	Wommelgem	Wommelgem	Anvers
2170	Merksem	Anvers	Anvers
2180	Ekeren	Anvers	Anvers
2200	Herentals	Herentals	Anvers
2200	Noorderwijk	Herentals	Anvers
2200	Morkhoven	Herentals	Anvers
2220	Heist-op-den-Berg	Heist-op-den-Berg	Anvers
2220	Hallaar	Heist-op-den-Berg	Anvers
2221	Booischot	Heist-op-den-Berg	Anvers
2222	Itegem	Heist-op-den-Berg	Anvers
2222	Wiekevorst	Heist-op-den-Berg	Anvers
2223	Schriek	Heist-op-den-Berg	Anvers
2230	Herselt	Herselt	Anvers
2230	Ramsel	Herselt	Anvers
2235	Hulshout	Hulshout	Anvers
2235	Houtvenne	Hulshout	Anvers
2235	Westmeerbeek	Hulshout	Anvers
2240	Zandhoven	Zandhoven	Anvers
2240	Massenhoven	Zandhoven	Anvers
2240	Viersel	Zandhoven	Anvers
2242	Pulderbos	Zandhoven	Anvers
2243	Pulle	Zandhoven	Anvers
2250	Olen	Olen	Anvers
2260	Westerlo	Westerlo	Anvers
2260	Tongerlo	Westerlo	Anvers
2260	Oevel	Westerlo	Anvers
2260	Zoerle-Parwijs	Westerlo	Anvers
2270	Herenthout	Herenthout	Anvers
2275	Lille	Lille	Anvers
2275	Gierle	Lille	Anvers
2275	Wechelderzande	Lille	Anvers
2275	Poederlee	Lille	Anvers
2280	Grobbendonk	Grobbendonk	Anvers
2288	Bouwel	Grobbendonk	Anvers
2290	Vorselaar	Vorselaar	Anvers
2300	Turnhout	Turnhout	Anvers
2310	Rijkevorsel	Rijkevorsel	Anvers
2320	Hoogstraten	Hoogstraten	Anvers
2321	Meer	Hoogstraten	Anvers
2322	Minderhout	Hoogstraten	Anvers
2323	Wortel	Hoogstraten	Anvers
2328	Meerle	Hoogstraten	Anvers
2330	Merksplas	Merksplas	Anvers
2340	Beerse	Beerse	Anvers
2340	Vlimmeren	Beerse	Anvers
2350	Vosselaar	Vosselaar	Anvers
2360	Oud-Turnhout	Oud-Turnhout	Anvers
2370	Arendonk	Arendonk	Anvers
2380	Ravels	Ravels	Anvers
2381	Weelde	Ravels	Anvers
2382	Poppel	Ravels	Anvers
2387	Baarle-Hertog	Baarle-Hertog	Anvers
2390	Malle	Malle	Anvers
2390	Oostmalle	Malle	Anvers
2390	Westmalle	Malle	Anvers
2400	Mol	Mol	Anvers
2430	Laakdal	Laakdal	Anvers
2430	Vorst	Laakdal	Anvers
2430	Eindhout	Laakdal	Anvers
2431	Veerle	Laakdal	Anvers
2431	Varendonk	Laakdal	Anvers
2440	Geel	Geel	Anvers
2450	Meerhout	Meerhout	Anvers
2460	Kasterlee	Kasterlee	Anvers
2460	Lichtaart	Kasterlee	Anvers
2460	Tielen	Kasterlee	Anvers
2470	Retie	Retie	Anvers
2480	Dessel	Dessel	Anvers
2490	Balen	Balen	Anvers
2491	Olmen	Balen	Anvers
2500	Lier	Lier	Anvers
2500	Koningshooikt	Lier	Anvers
2520	Ranst	Ranst	Anvers
2520	Oelegem	Ranst	Anvers
2520	Broechem	Ranst	Anvers
2520	Emblem	Ranst	Anvers
2530	Boechout	Boechout	Anvers
2531	Vremde	Boechout	Anvers
2540	Hove	Hove	Anvers
2547	Lint	Lint	Anvers
2550	Kontich	Kontich	Anvers
2550	Waarloos	Kontich	Anvers
2560	Nijlen	Nijlen	Anvers
2560	Kessel	Nijlen	Anvers
2560	Bevel	Nijlen	Anvers
2570	Duffel	Duffel	Anvers
2580	Putte	Putte	Anvers
2580	Beerzel	Putte	Anvers
2590	Berlaar	Berlaar	Anvers
2590	Gestel	Berlaar	Anvers
2600	Berchem	Anvers	Anvers
2610	Wilrijk	Anvers	Anvers
2620	Hemiksem	Hemiksem	Anvers
2627	Schelle	Schelle	Anvers
2630	Aartselaar	Aartselaar	Anvers
2640	Mortsel	Mortsel	Anvers
2650	Edegem	Edegem	Anvers
2660	Hoboken	Anvers	Anvers
2800	Mechelen	Mechelen	Anvers
2800	Walem	Mechelen	Anvers
2801	Heffen	Mechelen	Anvers
2811	Hombeek	Mechelen	Anvers
2811	Leest	Mechelen	Anvers
2812	Muizen	Mechelen	Anvers
2820	Bonheiden	Bonheiden	Anvers
2820	Rijmenam	Bonheiden	Anvers
2830	Willebroek	Willebroek	Anvers
2830	Blaasveld	Willebroek	Anvers
2830	Tisselt	Willebroek	Anvers
2830	Heindonk	Willebroek	Anvers
2840	Rumst	Rumst	Anvers
2840	Reet	Rumst	Anvers
2840	Terhagen	Rumst	Anvers
2845	Niel	Niel	Anvers
2850	Boom	Boom	Anvers
2860	Sint-Katelijne-Waver	Sint-Katelijne-Waver	Anvers
2861	Onze-Lieve-Vrouw-Waver	Sint-Katelijne-Waver	Anvers
2870	Puurs-Sint-Amands	Puurs-Sint-Amands	Anvers
2870	Puurs	Puurs-Sint-Amands	Anvers
2870	Ruisbroek	Puurs-Sint-Amands	Anvers
2870	Breendonk	Puurs-Sint-Amands	Anvers
2870	Liezele	Puurs-Sint-Amands	Anvers
2880	Bornem	Bornem	Anvers
2880	Hingene	Bornem	Anvers
2880	Mariekerke	Bornem	Anvers
2880	Weert	Bornem	Anvers
2890	Sint-Amands	Puurs-Sint-Amands	Anvers
2890	Oppuurs	Puurs-Sint-Amands	Anvers
2890	Lippelo	Puurs-Sint-Amands	Anvers
2900	Schoten	Schoten	Anvers
2910	Essen	Essen	Anvers
2920	Kalmthout	Kalmthout	Anvers
2930	Brasschaat	Brasschaat	Anvers
2940	Stabroek	Stabroek	Anvers
2940	Hoevenen	Stabroek	Anvers
2950	Kapellen	Kapellen	Anvers
2960	Brecht	Brecht	Anvers
2960	Sint-Job-in-‘t-Goor	Brecht	Anvers
2960	Sint-Lenaarts	Brecht	Anvers
2970	Schilde	Schilde	Anvers
2970	s-Gravenwezel	Schilde	Anvers
2980	Zoersel	Zoersel	Anvers
2980	Halle	Zoersel	Anvers
2990	Wuustwezel	Wuustwezel	Anvers
2990	Loenhout	Wuustwezel	Anvers
3000	Leuven	Leuven	Brabant flamand
3001	Heverlee	Leuven	Brabant flamand
3010	Kessel-Lo	Leuven	Brabant flamand
3012	Wilsele	Leuven	Brabant flamand
3018	Wijgmaal	Leuven	Brabant flamand
3020	Herent	Herent	Brabant flamand
3020	Veltem-Beisem	Herent	Brabant flamand
3020	Winksele	Herent	Brabant flamand
3040	Huldenberg	Huldenberg	Brabant flamand
3040	Neerijse	Huldenberg	Brabant flamand
3040	Ottenburg	Huldenberg	Brabant flamand
3040	Sint-Agatha-Rode	Huldenberg	Brabant flamand
3040	Loonbeek	Huldenberg	Brabant flamand
3050	Oud-Heverlee	Oud-Heverlee	Brabant flamand
3051	Sint-Joris-Weert	Oud-Heverlee	Brabant flamand
3052	Blanden	Oud-Heverlee	Brabant flamand
3053	Haasrode	Oud-Heverlee	Brabant flamand
3054	Vaalbeek	Oud-Heverlee	Brabant flamand
3060	Bertem	Bertem	Brabant flamand
3060	Korbeek-Dijle	Bertem	Brabant flamand
3061	Leefdaal	Bertem	Brabant flamand
3070	Kortenberg	Kortenberg	Brabant flamand
3071	Erps-Kwerps	Kortenberg	Brabant flamand
3078	Everberg	Kortenberg	Brabant flamand
3078	Meerbeek	Kortenberg	Brabant flamand
3080	Tervuren	Tervuren	Brabant flamand
3080	Vossem	Tervuren	Brabant flamand
3080	Duisburg	Tervuren	Brabant flamand
3090	Overijse	Overijse	Brabant flamand
3110	Rotselaar	Rotselaar	Brabant flamand
3111	Wezemaal	Rotselaar	Brabant flamand
3118	Werchter	Rotselaar	Brabant flamand
3120	Tremelo	Tremelo	Brabant flamand
3128	Baal	Tremelo	Brabant flamand
3130	Begijnendijk	Begijnendijk	Brabant flamand
3130	Betekom	Begijnendijk	Brabant flamand
3140	Keerbergen	Keerbergen	Brabant flamand
3150	Haacht	Haacht	Brabant flamand
3150	Tildonk	Haacht	Brabant flamand
3150	Wespelaar	Haacht	Brabant flamand
3190	Boortmeerbeek	Boortmeerbeek	Brabant flamand
3191	Hever	Boortmeerbeek	Brabant flamand
3200	Aarschot	Aarschot	Brabant flamand
3200	Gelrode	Aarschot	Brabant flamand
3201	Langdorp	Aarschot	Brabant flamand
3202	Rillaar	Aarschot	Brabant flamand
3210	Lubbeek	Lubbeek	Brabant flamand
3210	Linden	Lubbeek	Brabant flamand
3211	Binkom	Lubbeek	Brabant flamand
3212	Pellenberg	Lubbeek	Brabant flamand
3220	Holsbeek	Holsbeek	Brabant flamand
3220	Kortrijk-Dutsel	Holsbeek	Brabant flamand
3220	Sint-Pieters-Rode	Holsbeek	Brabant flamand
3221	Nieuwrode	Holsbeek	Brabant flamand
3270	Scherpenheuvel-Zichem	Scherpenheuvel-Zichem	Brabant flamand
3270	Scherpenheuvel	Scherpenheuvel-Zichem	Brabant flamand
3271	Zichem	Scherpenheuvel-Zichem	Brabant flamand
3271	Averbode	Scherpenheuvel-Zichem	Brabant flamand
3272	Testelt	Scherpenheuvel-Zichem	Brabant flamand
3272	Messelbroek	Scherpenheuvel-Zichem	Brabant flamand
3290	Diest	Diest	Brabant flamand
3290	Schaffen	Diest	Brabant flamand
3290	Deurne	Diest	Brabant flamand
3290	Webbekom	Diest	Brabant flamand
3293	Kaggevinne	Diest	Brabant flamand
3294	Molenstede	Diest	Brabant flamand
3300	Tienen	Tienen	Brabant flamand
3300	Hakendover	Tienen	Brabant flamand
3300	Bost	Tienen	Brabant flamand
3300	Goetsenhoven	Tienen	Brabant flamand
3300	Sint-Margriete-Houtem	Tienen	Brabant flamand
3300	Oorbeek	Tienen	Brabant flamand
3300	Vissenaken	Tienen	Brabant flamand
3300	Kumtich	Tienen	Brabant flamand
3300	Oplinter	Tienen	Brabant flamand
3320	Hoegaarden	Hoegaarden	Brabant flamand
3320	Meldert	Hoegaarden	Brabant flamand
3321	Outgaarden	Hoegaarden	Brabant flamand
3350	Linter	Linter	Brabant flamand
3350	Drieslinter	Linter	Brabant flamand
3350	Neerlinter	Linter	Brabant flamand
3350	Wommersom	Linter	Brabant flamand
3350	Orsmaal-Gussenhoven	Linter	Brabant flamand
3350	Overhespen	Linter	Brabant flamand
3350	Melkwezer	Linter	Brabant flamand
3350	Neerhespen	Linter	Brabant flamand
3360	Bierbeek	Bierbeek	Brabant flamand
3360	Korbeek-Lo	Bierbeek	Brabant flamand
3360	Lovenjoel	Bierbeek	Brabant flamand
3360	Opvelp	Bierbeek	Brabant flamand
3370	Boutersem	Boutersem	Brabant flamand
3370	Roosbeek	Boutersem	Brabant flamand
3370	Kerkom	Boutersem	Brabant flamand
3370	Vertrijk	Boutersem	Brabant flamand
3370	Neervelp	Boutersem	Brabant flamand
3370	Willebringen	Boutersem	Brabant flamand
3380	Glabbeek	Glabbeek	Brabant flamand
3380	Bunsbeek	Glabbeek	Brabant flamand
3380	Glabbeek-Zuurbemde	Glabbeek	Brabant flamand
3381	Kapellen	Glabbeek	Brabant flamand
3384	Attenrode	Glabbeek	Brabant flamand
3390	Tielt-Winge	Tielt-Winge	Brabant flamand
3390	Tielt	Tielt-Winge	Brabant flamand
3390	Sint-Joris-Winge	Tielt-Winge	Brabant flamand
3390	Houwaart	Tielt-Winge	Brabant flamand
3391	Meensel-Kiezegem	Tielt-Winge	Brabant flamand
3400	Landen	Landen	Brabant flamand
3400	Laar	Landen	Brabant flamand
3400	Ezemaal	Landen	Brabant flamand
3400	Eliksem	Landen	Brabant flamand
3400	Wange	Landen	Brabant flamand
3400	Neerwinden	Landen	Brabant flamand
3400	Overwinden	Landen	Brabant flamand
3400	Rumsdorp	Landen	Brabant flamand
3401	Waasmont	Landen	Brabant flamand
3401	Walsbets	Landen	Brabant flamand
3401	Walshoutem	Landen	Brabant flamand
3401	Wezeren	Landen	Brabant flamand
3404	Attenhoven	Landen	Brabant flamand
3404	Neerlanden	Landen	Brabant flamand
3440	Zoutleeuw	Zoutleeuw	Brabant flamand
3440	Budingen	Zoutleeuw	Brabant flamand
3440	Halle-Booienhoven	Zoutleeuw	Brabant flamand
3440	Dormaal	Zoutleeuw	Brabant flamand
3440	Helen-Bos	Zoutleeuw	Brabant flamand
3450	Geetbets	Geetbets	Brabant flamand
3450	Grazen	Geetbets	Brabant flamand
3454	Rummen	Geetbets	Brabant flamand
3460	Bekkevoort	Bekkevoort	Brabant flamand
3460	Assent	Bekkevoort	Brabant flamand
3461	Molenbeek-Wersbeek	Bekkevoort	Brabant flamand
3470	Kortenaken	Kortenaken	Brabant flamand
3470	Ransberg	Kortenaken	Brabant flamand
3471	Hoeleden	Kortenaken	Brabant flamand
3472	Kersbeek-Miskom	Kortenaken	Brabant flamand
3473	Waanrode	Kortenaken	Brabant flamand
3500	Hasselt	Hasselt	Limbourg
3500	Sint-Lambrechts-Herk	Hasselt	Limbourg
3501	Wimmertingen	Hasselt	Limbourg
3510	Kermt	Hasselt	Limbourg
3510	Spalbeek	Hasselt	Limbourg
3511	Kuringen	Hasselt	Limbourg
3511	Stokrooie	Hasselt	Limbourg
3512	Stevoort	Hasselt	Limbourg
3520	Zonhoven	Zonhoven	Limbourg
3530	Houthalen-Helchteren	Houthalen-Helchteren	Limbourg
3530	Houthalen	Houthalen-Helchteren	Limbourg
3530	Helchteren	Houthalen-Helchteren	Limbourg
3540	Herk-de-Stad	Herk-de-Stad	Limbourg
3540	Schulen	Herk-de-Stad	Limbourg
3540	Berbroek	Herk-de-Stad	Limbourg
3540	Donk	Herk-de-Stad	Limbourg
3545	Halen	Halen	Limbourg
3545	Zelem	Halen	Limbourg
3545	Loksbergen	Halen	Limbourg
3550	Heusden-Zolder	Heusden-Zolder	Limbourg
3550	Zolder	Heusden-Zolder	Limbourg
3560	Lummen	Lummen	Limbourg
3560	Linkhout	Lummen	Limbourg
3560	Meldert	Lummen	Limbourg
3570	Alken	Alken	Limbourg
3580	Beringen	Beringen	Limbourg
3581	Beverlo	Beringen	Limbourg
3582	Koersel	Beringen	Limbourg
3582	Stal	Beringen	Limbourg
3590	Diepenbeek	Diepenbeek	Limbourg
3593	Paal	Beringen	Limbourg
3600	Genk	Genk	Limbourg
3620	Lanaken	Lanaken	Limbourg
3620	Gellik	Lanaken	Limbourg
3620	Veldwezelt	Lanaken	Limbourg
3620	Neerharen	Lanaken	Limbourg
3621	Rekem	Lanaken	Limbourg
3630	Maasmechelen	Maasmechelen	Limbourg
3630	Mechelen-aan-de-Maas	Maasmechelen	Limbourg
3630	Eisden	Maasmechelen	Limbourg
3630	Opgrimbie	Maasmechelen	Limbourg
3630	Vucht	Maasmechelen	Limbourg
3630	Leut	Maasmechelen	Limbourg
3630	Meeswijk	Maasmechelen	Limbourg
3631	Boorsem	Maasmechelen	Limbourg
3631	Uikhoven	Maasmechelen	Limbourg
3640	Kinrooi	Kinrooi	Limbourg
3640	Molenbeersel	Kinrooi	Limbourg
3640	Ophoven	Kinrooi	Limbourg
3640	Kessenich	Kinrooi	Limbourg
3650	Dilsen-Stokkem	Dilsen-Stokkem	Limbourg
3650	Dilsen	Dilsen-Stokkem	Limbourg
3650	Lanklaar	Dilsen-Stokkem	Limbourg
3650	Rotem	Dilsen-Stokkem	Limbourg
3650	Stokkem	Dilsen-Stokkem	Limbourg
3650	Elen	Dilsen-Stokkem	Limbourg
3660	Opglabbeek	Oudsbergen	Limbourg
3665	As	As	Limbourg
3668	Niel-bij-As	As	Limbourg
3670	Oudsbergen	Oudsbergen	Limbourg
3670	Meeuwen	Oudsbergen	Limbourg
3670	Gruitrode	Oudsbergen	Limbourg
3670	Wijshagen	Oudsbergen	Limbourg
3670	Ellikom	Oudsbergen	Limbourg
3670	Neerglabbeek	Oudsbergen	Limbourg
3680	Maaseik	Maaseik	Limbourg
3680	Neeroeteren	Maaseik	Limbourg
3680	Opoeteren	Maaseik	Limbourg
3690	Zutendaal	Zutendaal	Limbourg
3700	Tongeren	Tongeren	Limbourg
3700	Koninksem	Tongeren	Limbourg
3700	Vreren	Tongeren	Limbourg
3700	Berg	Tongeren	Limbourg
3700	Lauw	Tongeren	Limbourg
3700	Mal	Tongeren	Limbourg
3700	Riksingen	Tongeren	Limbourg
3700	Henis	Tongeren	Limbourg
3700	Nerem	Tongeren	Limbourg
3700	Piringen	Tongeren	Limbourg
3700	Rutten	Tongeren	Limbourg
3700	Sluizen	Tongeren	Limbourg
3700	Overrepen	Tongeren	Limbourg
3700	s Herenelderen	Tongeren	Limbourg
3700	Diets-Heur	Tongeren	Limbourg
3700	Widooie	Tongeren	Limbourg
3700	Neerrepen	Tongeren	Limbourg
3717	Herstappe	Herstappe	Limbourg
3720	Kortessem	Kortessem	Limbourg
3721	Vliermaalroot	Kortessem	Limbourg
3722	Wintershoven	Kortessem	Limbourg
3723	Guigoven	Kortessem	Limbourg
3724	Vliermaal	Kortessem	Limbourg
3730	Hoeselt	Hoeselt	Limbourg
3730	Sint-Huibrechts-Hern	Hoeselt	Limbourg
3730	Romershoven	Hoeselt	Limbourg
3730	Werm	Hoeselt	Limbourg
3732	Schalkhoven	Hoeselt	Limbourg
3740	Bilzen	Bilzen	Limbourg
3740	Beverst	Bilzen	Limbourg
3740	Munsterbilzen	Bilzen	Limbourg
3740	Eigenbilzen	Bilzen	Limbourg
3740	Grote-Spouwen	Bilzen	Limbourg
3740	Kleine-Spouwen	Bilzen	Limbourg
3740	Mopertingen	Bilzen	Limbourg
3740	Rijkhoven	Bilzen	Limbourg
3740	Waltwilder	Bilzen	Limbourg
3740	Hees	Bilzen	Limbourg
3740	Rosmeer	Bilzen	Limbourg
3742	Martenslinde	Bilzen	Limbourg
3746	Hoelbeek	Bilzen	Limbourg
3770	Riemst	Riemst	Limbourg
3770	Vlijtingen	Riemst	Limbourg
3770	Zichen-Zussen-Bolder	Riemst	Limbourg
3770	Herderen	Riemst	Limbourg
3770	Millen	Riemst	Limbourg
3770	Val-Meer	Riemst	Limbourg
3770	Vroenhoven	Riemst	Limbourg
3770	Kanne	Riemst	Limbourg
3770	Membruggen	Riemst	Limbourg
3770	Genoelselderen	Riemst	Limbourg
3790	Voeren	Voeren	Limbourg
3790	s-Gravenvoeren	Voeren	Limbourg
3790	Moelingen	Voeren	Limbourg
3790	Sint-Martens-Voeren	Voeren	Limbourg
3790	Teuven	Voeren	Limbourg
3790	Remersdaal	Voeren	Limbourg
3790	Sint-Pieters-Voeren	Voeren	Limbourg
3800	Sint-Truiden	Sint-Truiden	Limbourg
3800	Brustem	Sint-Truiden	Limbourg
3800	Zepperen	Sint-Truiden	Limbourg
3800	Gelinden	Sint-Truiden	Limbourg
3800	Ordingen	Sint-Truiden	Limbourg
3800	Aalst	Sint-Truiden	Limbourg
3800	Groot-Gelmen	Sint-Truiden	Limbourg
3800	Kerkom-bij-Sint-Truiden	Sint-Truiden	Limbourg
3800	Engelmanshoven	Sint-Truiden	Limbourg
3800	Halmaal	Sint-Truiden	Limbourg
3803	Wilderen	Sint-Truiden	Limbourg
3803	Duras	Sint-Truiden	Limbourg
3803	Gorsem	Sint-Truiden	Limbourg
3803	Runkelen	Sint-Truiden	Limbourg
3806	Velm	Sint-Truiden	Limbourg
3830	Wellen	Wellen	Limbourg
3830	Berlingen	Wellen	Limbourg
3831	Herten	Wellen	Limbourg
3832	Ulbeek	Wellen	Limbourg
3840	Borgloon	Borgloon	Limbourg
3840	Hoepertingen	Borgloon	Limbourg
3840	Bommershoven	Borgloon	Limbourg
3840	Jesseren	Borgloon	Limbourg
3840	Kerniel	Borgloon	Limbourg
3840	Rijkel	Borgloon	Limbourg
3840	Broekom	Borgloon	Limbourg
3840	Gors-Opleeuw	Borgloon	Limbourg
3840	Gotem	Borgloon	Limbourg
3840	Hendrieken	Borgloon	Limbourg
3840	Voort	Borgloon	Limbourg
3840	Groot-Loon	Borgloon	Limbourg
3840	Kuttekoven	Borgloon	Limbourg
3850	Nieuwerkerken	Nieuwerkerken	Limbourg
3850	Kozen	Nieuwerkerken	Limbourg
3850	Wijer	Nieuwerkerken	Limbourg
3850	Binderveld	Nieuwerkerken	Limbourg
3870	Heers	Heers	Limbourg
3870	Mechelen-Bovelingen	Heers	Limbourg
3870	Vechmaal	Heers	Limbourg
3870	Horpmaal	Heers	Limbourg
3870	Klein-Gelmen	Heers	Limbourg
3870	Rukkelingen-Loon	Heers	Limbourg
3870	Veulen	Heers	Limbourg
3870	Gutschoven	Heers	Limbourg
3870	Heks	Heers	Limbourg
3870	Mettekoven	Heers	Limbourg
3870	Batsheers	Heers	Limbourg
3870	Opheers	Heers	Limbourg
3890	Gingelom	Gingelom	Limbourg
3890	Jeuk	Gingelom	Limbourg
3890	Montenaken	Gingelom	Limbourg
3890	Niel-bij-Sint-Truiden	Gingelom	Limbourg
3890	Boekhout	Gingelom	Limbourg
3890	Kortijs	Gingelom	Limbourg
3890	Vorsen	Gingelom	Limbourg
3891	Mielen-boven-Aalst	Gingelom	Limbourg
3891	Borlo	Gingelom	Limbourg
3891	Buvingen	Gingelom	Limbourg
3891	Muizen	Gingelom	Limbourg
3900	Pelt	Pelt	Limbourg
3900	Overpelt	Pelt	Limbourg
3910	Neerpelt	Pelt	Limbourg
3910	Sint-Huibrechts-Lille	Pelt	Limbourg
3920	Lommel	Lommel	Limbourg
3930	Hamont-Achel	Hamont-Achel	Limbourg
3930	Hamont	Hamont-Achel	Limbourg
3930	Achel	Hamont-Achel	Limbourg
3940	Hechtel-Eksel	Hechtel-Eksel	Limbourg
3940	Hechtel	Hechtel-Eksel	Limbourg
3941	Eksel	Hechtel-Eksel	Limbourg
3945	Ham	Ham	Limbourg
3945	Oostham	Ham	Limbourg
3950	Bocholt	Bocholt	Limbourg
3950	Kaulille	Bocholt	Limbourg
3950	Reppel	Bocholt	Limbourg
3960	Bree	Bree	Limbourg
3960	Gerdingen	Bree	Limbourg
3960	Opitter	Bree	Limbourg
3960	Tongerlo	Bree	Limbourg
3960	Beek	Bree	Limbourg
3970	Leopoldsburg	Leopoldsburg	Limbourg
3971	Heppen	Leopoldsburg	Limbourg
3980	Tessenderlo	Tessenderlo	Limbourg
3990	Peer	Peer	Limbourg
3990	Grote-Brogel	Peer	Limbourg
3990	Wijchmaal	Peer	Limbourg
3990	Kleine-Brogel	Peer	Limbourg
4000	Liège	Liège	Liège
4000	Rocourt	Liège	Liège
4000	Glain	Liège	Liège
4020	Bressoux	Liège	Liège
4020	Jupille-sur-Meuse	Liège	Liège
4020	Wandre	Liège	Liège
4030	Grivegnée	Liège	Liège
4031	Angleur	Liège	Liège
4032	Chênée	Liège	Liège
4040	Herstal	Herstal	Liège
4041	Vottem	Herstal	Liège
4041	Milmort	Herstal	Liège
4042	Liers	Herstal	Liège
4050	Chaudfontaine	Chaudfontaine	Liège
4051	Vaux-sous-Chèvremont	Chaudfontaine	Liège
4052	Beaufays	Chaudfontaine	Liège
4053	Embourg	Chaudfontaine	Liège
4100	Seraing	Seraing	Liège
4100	Boncelles	Seraing	Liège
4101	Jemeppe	Seraing	Liège
4102	Ougrée	Seraing	Liège
4120	Neupré	Neupré	Liège
4120	Rotheux-Rimière	Neupré	Liège
4120	Éhein	Neupré	Liège
4121	Neuville-en-Condroz	Neupré	Liège
4122	Plainevaux	Neupré	Liège
4130	Esneux	Esneux	Liège
4130	Tilff	Esneux	Liège
4140	Sprimont	Sprimont	Liège
4140	Rouvreux	Sprimont	Liège
4140	Dolembreux	Sprimont	Liège
4140	Gomzé-Andoumont	Sprimont	Liège
4141	Louveigné	Sprimont	Liège
4160	Anthisnes	Anthisnes	Liège
4161	Villers-aux-Tours	Anthisnes	Liège
4162	Hody	Anthisnes	Liège
4163	Tavier	Anthisnes	Liège
4170	Comblain-au-Pont	Comblain-au-Pont	Liège
4171	Poulseur	Comblain-au-Pont	Liège
4180	Hamoir	Hamoir	Liège
4180	Comblain-Fairon	Hamoir	Liège
4181	Filot	Hamoir	Liège
4190	Ferrières	Ferrières	Liège
4190	Xhoris	Ferrières	Liège
4190	My	Ferrières	Liège
4190	Werbomont	Ferrières	Liège
4190	Vieuxville	Ferrières	Liège
4210	Burdinne	Burdinne	Liège
4210	Marneffe	Burdinne	Liège
4210	Oteppe	Burdinne	Liège
4210	Hannêche	Burdinne	Liège
4210	Lamontzée	Burdinne	Liège
4217	Héron	Héron	Liège
4217	Lavoir	Héron	Liège
4217	Waret-l’Évêque	Héron	Liège
4218	Couthuin	Héron	Liège
4219	Wasseiges	Wasseiges	Liège
4219	Ambresin	Wasseiges	Liège
4219	Meeffe	Wasseiges	Liège
4219	Acosse	Wasseiges	Liège
4250	Geer	Geer	Liège
4250	Hollogne-sur-Geer	Geer	Liège
4250	Boëlhe	Geer	Liège
4250	Lens-Saint-Servais	Geer	Liège
4252	Omal	Geer	Liège
4253	Darion	Geer	Liège
4254	Ligney	Geer	Liège
4257	Berloz	Berloz	Liège
4257	Corswarem	Berloz	Liège
4257	Rosoux-Crenwick	Berloz	Liège
4260	Braives	Braives	Liège
4260	Ciplet	Braives	Liège
4260	Fumal	Braives	Liège
4260	Fallais	Braives	Liège
4260	Ville-en-Hesbaye	Braives	Liège
4260	Avennes	Braives	Liège
4261	Latinne	Braives	Liège
4263	Tourinne	Braives	Liège
4280	Hannut	Hannut	Liège
4280	Thisnes	Hannut	Liège
4280	Lens-Saint-Remy	Hannut	Liège
4280	Grand-Hallet	Hannut	Liège
4280	Avernas-le-Bauduin	Hannut	Liège
4280	Villers-le-Peuplier	Hannut	Liège
4280	Avin	Hannut	Liège
4280	Moxhe	Hannut	Liège
4280	Crehen	Hannut	Liège
4280	Merdorp	Hannut	Liège
4280	Cras-Avernas	Hannut	Liège
4280	Bertrée	Hannut	Liège
4280	Poucet	Hannut	Liège
4280	Petit-Hallet	Hannut	Liège
4280	Abolens	Hannut	Liège
4280	Trognée	Hannut	Liège
4280	Wansin	Hannut	Liège
4280	Blehen	Hannut	Liège
4287	Lincent	Lincent	Liège
4287	Racour	Lincent	Liège
4287	Pellaines	Lincent	Liège
4300	Waremme	Waremme	Liège
4300	Oleye	Waremme	Liège
4300	Grand-Axhe	Waremme	Liège
4300	Lantremange	Waremme	Liège
4300	Bettincourt	Waremme	Liège
4300	Bovenistier	Waremme	Liège
4300	Bleret	Waremme	Liège
4317	Faimes	Faimes	Liège
4317	Celles	Faimes	Liège
4317	Viemme	Faimes	Liège
4317	Les Waleffes	Faimes	Liège
4317	Borlez	Faimes	Liège
4317	Aineffe	Faimes	Liège
4340	Awans	Awans	Liège
4340	Villers-l’Évêque	Awans	Liège
4340	Othée	Awans	Liège
4340	Fooz	Awans	Liège
4342	Hognoul	Awans	Liège
4347	Fexhe-le-Haut-Clocher	Fexhe-le-Haut-Clocher	Liège
4347	Voroux-Goreux	Fexhe-le-Haut-Clocher	Liège
4347	Roloux	Fexhe-le-Haut-Clocher	Liège
4347	Noville	Fexhe-le-Haut-Clocher	Liège
4347	Freloux	Fexhe-le-Haut-Clocher	Liège
4350	Remicourt	Remicourt	Liège
4350	Momalle	Remicourt	Liège
4350	Pousset	Remicourt	Liège
4350	Lamine	Remicourt	Liège
4351	Hodeige	Remicourt	Liège
4357	Donceel	Donceel	Liège
4357	Haneffe	Donceel	Liège
4357	Jeneffe	Donceel	Liège
4357	Limont	Donceel	Liège
4360	Oreye	Oreye	Liège
4360	Grandville	Oreye	Liège
4360	Otrange	Oreye	Liège
4360	Lens-sur-Geer	Oreye	Liège
4367	Crisnée	Crisnée	Liège
4367	Kemexhe	Crisnée	Liège
4367	Fize-le-Marsal	Crisnée	Liège
4367	Thys	Crisnée	Liège
4367	Odeur	Crisnée	Liège
4400	Flémalle	Flémalle	Liège
4400	Flémalle-Haute	Flémalle	Liège
4400	Ivoz-Ramet	Flémalle	Liège
4400	Flémalle-Grande	Flémalle	Liège
4400	Mons-lez-Liège	Flémalle	Liège
4400	Awirs	Flémalle	Liège
4400	Cahottes	Flémalle	Liège
4400	Chokier	Flémalle	Liège
4400	Gleixhe	Flémalle	Liège
4420	Saint-Nicolas	Saint-Nicolas	Liège
4420	Montegnée	Saint-Nicolas	Liège
4420	Tilleur	Saint-Nicolas	Liège
4430	Ans	Ans	Liège
4431	Loncin	Ans	Liège
4432	Xhendremael	Ans	Liège
4432	Alleur	Ans	Liège
4450	Juprelle	Juprelle	Liège
4450	Slins	Juprelle	Liège
4450	Lantin	Juprelle	Liège
4451	Voroux-lez-Liers	Juprelle	Liège
4452	Wihogne	Juprelle	Liège
4452	Paifve	Juprelle	Liège
4453	Villers-Saint-Siméon	Juprelle	Liège
4458	Fexhe-Slins	Juprelle	Liège
4460	Grâce-Hollogne	Grâce-Hollogne	Liège
4460	Hollogne-aux-Pierres	Grâce-Hollogne	Liège
4460	Grâce-Berleur	Grâce-Hollogne	Liège
4460	Horion-Hozémont	Grâce-Hollogne	Liège
4460	Bierset	Grâce-Hollogne	Liège
4460	Velroux	Grâce-Hollogne	Liège
4470	Saint-Georges-sur-Meuse	Saint-Georges-sur-Meuse	Liège
4480	Engis	Engis	Liège
4480	Hermalle-sous-Huy	Engis	Liège
4480	Clermont-sous-Huy	Engis	Liège
4480	Éhein-bas	Engis	Liège
4500	Huy	Huy	Liège
4500	Ben-Ahin	Huy	Liège
4500	Tihange	Huy	Liège
4520	Wanze	Wanze	Liège
4520	Antheit	Wanze	Liège
4520	Bas-Oha	Wanze	Liège
4520	Moha	Wanze	Liège
4520	Vinalmont	Wanze	Liège
4520	Huccorgne	Wanze	Liège
4530	Villers-le-Bouillet	Villers-le-Bouillet	Liège
4530	Vaux-et-Borset	Villers-le-Bouillet	Liège
4530	Warnant-Dreye	Villers-le-Bouillet	Liège
4530	Fize-Fontaine	Villers-le-Bouillet	Liège
4530	Vieux-Waleffe	Villers-le-Bouillet	Liège
4537	Verlaine	Verlaine	Liège
4537	Chapon-Seraing	Verlaine	Liège
4537	Bodegnée	Verlaine	Liège
4537	Seraing-le-Château	Verlaine	Liège
4540	Amay	Amay	Liège
4540	Ampsin	Amay	Liège
4540	Jehay	Amay	Liège
4540	Ombret-Rawsa	Amay	Liège
4540	Flône	Amay	Liège
4550	Nandrin	Nandrin	Liège
4550	Villers-le-Temple	Nandrin	Liège
4550	Saint-Séverin	Nandrin	Liège
4550	Yernée-Fraineux	Nandrin	Liège
4557	Tinlot	Tinlot	Liège
4557	Fraiture	Tinlot	Liège
4557	Soheit-Tinlot	Tinlot	Liège
4557	Abée	Tinlot	Liège
4557	Ramelot	Tinlot	Liège
4557	Seny	Tinlot	Liège
4557	Scry	Tinlot	Liège
4560	Clavier	Clavier	Liège
4560	Bois-et-Borsu	Clavier	Liège
4560	Ocquier	Clavier	Liège
4560	Les Avins	Clavier	Liège
4560	Terwagne	Clavier	Liège
4560	Pailhe	Clavier	Liège
4570	Marchin	Marchin	Liège
4570	Vyle-et-Tharoul	Marchin	Liège
4577	Modave	Modave	Liège
4577	Vierset-Barse	Modave	Liège
4577	Strée	Modave	Liège
4577	Outrelouxhe	Modave	Liège
4590	Ouffet	Ouffet	Liège
4590	Warzée	Ouffet	Liège
4590	Ellemelle	Ouffet	Liège
4600	Visé	Visé	Liège
4600	Lanaye	Visé	Liège
4600	Lixhe	Visé	Liège
4600	Richelle	Visé	Liège
4601	Argenteau	Visé	Liège
4602	Cheratte	Visé	Liège
4606	Saint-André	Dalhem	Liège
4607	Dalhem	Dalhem	Liège
4607	Berneau	Dalhem	Liège
4607	Bombaye	Dalhem	Liège
4607	Mortroux	Dalhem	Liège
4607	Feneur	Dalhem	Liège
4608	Warsage	Dalhem	Liège
4608	Neufchâteau	Dalhem	Liège
4610	Beyne-Heusay	Beyne-Heusay	Liège
4610	Queue-du-Bois	Beyne-Heusay	Liège
4610	Bellaire	Beyne-Heusay	Liège
4610	Moulins-sous-Fléron	Beyne-Heusay	Liège
4620	Fléron	Fléron	Liège
4621	Retinne	Fléron	Liège
4623	Magnée	Fléron	Liège
4624	Romsée	Fléron	Liège
4630	Soumagne	Soumagne	Liège
4630	Ayeneux	Soumagne	Liège
4630	Micheroux	Soumagne	Liège
4630	Évegnée	Soumagne	Liège
4631	Tignée	Soumagne	Liège
4632	Cerexhe-Heuseux	Soumagne	Liège
4633	Mélen	Soumagne	Liège
4650	Herve	Herve	Liège
4650	Chaineux	Herve	Liège
4650	Grand-Rechain	Herve	Liège
4650	Julémont	Herve	Liège
4651	Battice	Herve	Liège
4652	Xhendelesse	Herve	Liège
4653	Bolland	Herve	Liège
4654	Charneux	Herve	Liège
4670	Blegny	Blegny	Liège
4670	Trembleur	Blegny	Liège
4670	Mortier	Blegny	Liège
4671	Saive	Blegny	Liège
4671	Housse	Blegny	Liège
4671	Barchon	Blegny	Liège
4672	Saint-Remy	Blegny	Liège
4680	Oupeye	Oupeye	Liège
4680	Hermée	Oupeye	Liège
4681	Hermalle-sous-Argenteau	Oupeye	Liège
4682	Heure-le-Romain	Oupeye	Liège
4682	Houtain-Saint-Siméon	Oupeye	Liège
4683	Vivegnis	Oupeye	Liège
4684	Haccourt	Oupeye	Liège
4690	Bassenge	Bassenge	Liège
4690	Glons	Bassenge	Liège
4690	Ében-Émael	Bassenge	Liège
4690	Wonck	Bassenge	Liège
4690	Roclenge-sur-Geer	Bassenge	Liège
4690	Boirs	Bassenge	Liège
4700	Eupen	Eupen	Liège
4701	Kettenis	Eupen	Liège
4710	Lontzen	Lontzen	Liège
4710	Herbesthal	Lontzen	Liège
4711	Walhorn	Lontzen	Liège
4720	La Calamine	La Calamine	Liège
4721	Neu-Moresnet	La Calamine	Liège
4728	Hergenrath	La Calamine	Liège
4730	Raeren	Raeren	Liège
4730	Hauset	Raeren	Liège
4731	Eynatten	Raeren	Liège
4750	Butgenbach	Butgenbach	Liège
4750	Elsenborn	Butgenbach	Liège
4760	Bullange	Bullange	Liège
4760	Manderfeld	Bullange	Liège
4761	Rocherath	Bullange	Liège
4770	Amblève	Amblève	Liège
4770	Meyerode	Amblève	Liège
4771	Heppenbach	Amblève	Liège
4780	Saint-Vith	Saint-Vith	Liège
4780	Recht	Saint-Vith	Liège
4782	Schönberg	Saint-Vith	Liège
4783	Lommersweiler	Saint-Vith	Liège
4784	Crombach	Saint-Vith	Liège
4790	Burg-Reuland	Burg-Reuland	Liège
4791	Thommen	Burg-Reuland	Liège
4800	Verviers	Verviers	Liège
4800	Ensival	Verviers	Liège
4800	Petit-Rechain	Verviers	Liège
4800	Lambermont	Verviers	Liège
4800	Polleur	Verviers	Liège
4801	Stembert	Verviers	Liège
4802	Heusy	Verviers	Liège
4820	Dison	Dison	Liège
4821	Andrimont	Dison	Liège
4830	Limbourg	Limbourg	Liège
4831	Bilstain	Limbourg	Liège
4834	Goé	Limbourg	Liège
4837	Baelen	Baelen	Liège
4837	Membach	Baelen	Liège
4840	Welkenraedt	Welkenraedt	Liège
4841	Henri-Chapelle	Welkenraedt	Liège
4845	Jalhay	Jalhay	Liège
4845	Sart	Jalhay	Liège
4850	Plombières	Plombières	Liège
4850	Montzen	Plombières	Liège
4850	Moresnet	Plombières	Liège
4851	Gemmenich	Plombières	Liège
4851	Sippenaeken	Plombières	Liège
4852	Hombourg	Plombières	Liège
4860	Pepinster	Pepinster	Liège
4860	Wegnez	Pepinster	Liège
4860	Cornesse	Pepinster	Liège
4861	Soiron	Pepinster	Liège
4870	Trooz	Trooz	Liège
4870	Forêt	Trooz	Liège
4870	Fraipont	Trooz	Liège
4870	Nessonvaux	Trooz	Liège
4877	Olne	Olne	Liège
4880	Aubel	Aubel	Liège
4890	Thimister-Clermont	Thimister-Clermont	Liège
4900	Spa	Spa	Liège
4910	Theux	Theux	Liège
4910	La Reid	Theux	Liège
4910	Polleur	Theux	Liège
4920	Aywaille	Aywaille	Liège
4920	Sougné-Remouchamps	Aywaille	Liège
4920	Harzé	Aywaille	Liège
4920	Ernonheid	Aywaille	Liège
4950	Waimes	Waimes	Liège
4950	Robertville	Waimes	Liège
4950	Faymonville	Waimes	Liège
4960	Malmedy	Malmedy	Liège
4960	Bellevaux-Ligneuville	Malmedy	Liège
4960	Bévercé	Malmedy	Liège
4970	Stavelot	Stavelot	Liège
4970	Francorchamps	Stavelot	Liège
4980	Trois-Ponts	Trois-Ponts	Liège
4980	Wanne	Trois-Ponts	Liège
4980	Fosse	Trois-Ponts	Liège
4983	Basse-Bodeux	Trois-Ponts	Liège
4987	Stoumont	Stoumont	Liège
4987	La Gleize	Stoumont	Liège
4987	Chevron	Stoumont	Liège
4987	Rahier	Stoumont	Liège
4987	Lorcé	Stoumont	Liège
4990	Lierneux	Lierneux	Liège
4990	Bra	Lierneux	Liège
4990	Arbrefontaine	Lierneux	Liège
5000	Namur	Namur	Namur
5000	Beez	Namur	Namur
5001	Belgrade	Namur	Namur
5002	Saint-Servais	Namur	Namur
5003	Saint-Marc	Namur	Namur
5004	Bouge	Namur	Namur
5020	Vedrin	Namur	Namur
5020	Malonne	Namur	Namur
5020	Flawinne	Namur	Namur
5020	Temploux	Namur	Namur
5020	Champion	Namur	Namur
5020	Suarlée	Namur	Namur
5020	Daussoulx	Namur	Namur
5021	Boninne	Namur	Namur
5022	Cognelée	Namur	Namur
5024	Marche-les-Dames	Namur	Namur
5024	Gelbressée	Namur	Namur
5030	Gembloux	Gembloux	Namur
5030	Lonzée	Gembloux	Namur
5030	Sauvenière	Gembloux	Namur
5030	Grand-Manil	Gembloux	Namur
5030	Beuzet	Gembloux	Namur
5030	Ernage	Gembloux	Namur
5031	Grand-Leez	Gembloux	Namur
5032	Corroy-le-Château	Gembloux	Namur
5032	Mazy	Gembloux	Namur
5032	Bossière	Gembloux	Namur
5032	Isnes	Gembloux	Namur
5032	Bothey	Gembloux	Namur
5060	Sambreville	Sambreville	Namur
5060	Tamines	Sambreville	Namur
5060	Auvelais	Sambreville	Namur
5060	Falisolle	Sambreville	Namur
5060	Velaine	Sambreville	Namur
5060	Arsimont	Sambreville	Namur
5060	Moignelée	Sambreville	Namur
5060	Keumiée	Sambreville	Namur
5070	Fosses-la-Ville	Fosses-la-Ville	Namur
5070	Vitrival	Fosses-la-Ville	Namur
5070	Aisemont	Fosses-la-Ville	Namur
5070	Le Roux	Fosses-la-Ville	Namur
5070	Sart-Saint-Laurent	Fosses-la-Ville	Namur
5070	Sart-Eustache	Fosses-la-Ville	Namur
5080	La Bruyère	La Bruyère	Namur
5080	Rhisnes	La Bruyère	Namur
5080	Émines	La Bruyère	Namur
5080	Warisoulx	La Bruyère	Namur
5080	Villers-lez-Heest	La Bruyère	Namur
5081	Meux	La Bruyère	Namur
5081	Saint-Denis	La Bruyère	Namur
5081	Bovesse	La Bruyère	Namur
5100	Jambes	Namur	Namur
5100	Wépion	Namur	Namur
5100	Wierde	Namur	Namur
5100	Naninne	Namur	Namur
5100	Dave	Namur	Namur
5101	Erpent	Namur	Namur
5101	Loyers	Namur	Namur
5101	Lives	Namur	Namur
5140	Sombreffe	Sombreffe	Namur
5140	Ligny	Sombreffe	Namur
5140	Tongrinne	Sombreffe	Namur
5140	Boignée	Sombreffe	Namur
5150	Floreffe	Floreffe	Namur
5150	Franière	Floreffe	Namur
5150	Floriffoux	Floreffe	Namur
5150	Soye	Floreffe	Namur
5170	Profondeville	Profondeville	Namur
5170	Bois-de-Villers	Profondeville	Namur
5170	Lustin	Profondeville	Namur
5170	Lesve	Profondeville	Namur
5170	Arbre	Profondeville	Namur
5170	Rivière et une partie de la commune de Floreffe	Profondeville	Namur
5170	le lieu-dit Lakisse	Profondeville	Namur
5190	Jemeppe-sur-Sambre	Jemeppe-sur-Sambre	Namur
5190	Spy	Jemeppe-sur-Sambre	Namur
5190	Jemeppe	Jemeppe-sur-Sambre	Namur
5190	Ham-sur-Sambre	Jemeppe-sur-Sambre	Namur
5190	Moustier	Jemeppe-sur-Sambre	Namur
5190	Balâtre	Jemeppe-sur-Sambre	Namur
5190	Mornimont	Jemeppe-sur-Sambre	Namur
5190	Saint-Martin	Jemeppe-sur-Sambre	Namur
5190	Onoz	Jemeppe-sur-Sambre	Namur
5300	Seilles	Andenne	Namur
5300	Andenne	Andenne	Namur
5300	Landenne	Andenne	Namur
5300	Sclayn	Andenne	Namur
5300	Vezin	Andenne	Namur
5300	Coutisse	Andenne	Namur
5300	Thon	Andenne	Namur
5300	Namêche	Andenne	Namur
5300	Maizeret	Andenne	Namur
5300	Bonneville	Andenne	Namur
5310	Éghezée	Éghezée	Namur
5310	Leuze	Éghezée	Namur
5310	Dhuy	Éghezée	Namur
5310	Aische-en-Refail	Éghezée	Namur
5310	Waret-la-Chaussée	Éghezée	Namur
5310	Liernu	Éghezée	Namur
5310	Hanret	Éghezée	Namur
5310	Bolinne	Éghezée	Namur
5310	Noville-sur-Mehaigne	Éghezée	Namur
5310	Longchamps	Éghezée	Namur
5310	Taviers	Éghezée	Namur
5310	Mehaigne	Éghezée	Namur
5310	Saint-Germain	Éghezée	Namur
5310	Branchon	Éghezée	Namur
5310	Boneffe	Éghezée	Namur
5310	Upigny	Éghezée	Namur
5330	Assesse	Assesse	Namur
5330	Sart-Bernard	Assesse	Namur
5330	Maillen	Assesse	Namur
5332	Crupet	Assesse	Namur
5333	Sorinne-la-Longue	Assesse	Namur
5334	Florée	Assesse	Namur
5336	Courrière	Assesse	Namur
5340	Gesves	Gesves	Namur
5340	Faulx-les-Tombes	Gesves	Namur
5340	Haltinne	Gesves	Namur
5340	Mozet	Gesves	Namur
5340	Sorée	Gesves	Namur
5350	Ohey	Ohey	Namur
5350	Évelette	Ohey	Namur
5351	Haillot	Ohey	Namur
5352	Perwez	Ohey	Namur
5353	Goesnes	Ohey	Namur
5354	Jallet	Ohey	Namur
5360	Hamois	Hamois	Namur
5360	Natoye	Hamois	Namur
5361	Mohiville	Hamois	Namur
5361	Scy	Hamois	Namur
5362	Achet	Hamois	Namur
5363	Emptinne	Hamois	Namur
5364	Schaltin	Hamois	Namur
5370	Havelange	Havelange	Namur
5370	Flostoy	Havelange	Namur
5370	Barvaux-Condroz	Havelange	Namur
5370	Jeneffe	Havelange	Namur
5370	Porcheresse	Havelange	Namur
5370	Verlée	Havelange	Namur
5372	Méan	Havelange	Namur
5374	Maffe	Havelange	Namur
5376	Miécret	Havelange	Namur
5377	Somme-Leuze	Somme-Leuze	Namur
5377	Noiseux	Somme-Leuze	Namur
5377	Heure	Somme-Leuze	Namur
5377	Hogne	Somme-Leuze	Namur
5377	Sinsin	Somme-Leuze	Namur
5377	Baillonville	Somme-Leuze	Namur
5377	Bonsin	Somme-Leuze	Namur
5377	Waillet	Somme-Leuze	Namur
5377	Nettinne	Somme-Leuze	Namur
5380	Fernelmont	Fernelmont	Namur
5380	Noville-les-Bois	Fernelmont	Namur
5380	Forville	Fernelmont	Namur
5380	Cortil-Wodon	Fernelmont	Namur
5380	Hingeon	Fernelmont	Namur
5380	Marchovelette	Fernelmont	Namur
5380	Pontillas	Fernelmont	Namur
5380	Hemptinne	Fernelmont	Namur
5380	Bierwart	Fernelmont	Namur
5380	Franc-Waret	Fernelmont	Namur
5380	Tillier	Fernelmont	Namur
5500	Dinant	Dinant	Namur
5500	Bouvignes-sur-Meuse	Dinant	Namur
5500	Anseremme	Dinant	Namur
5500	Falmignoul	Dinant	Namur
5500	Dréhance	Dinant	Namur
5500	Falmagne	Dinant	Namur
5500	Furfooz	Dinant	Namur
5501	Lisogne	Dinant	Namur
5502	Thynes	Dinant	Namur
5503	Sorinnes	Dinant	Namur
5504	Foy-Notre-Dame	Dinant	Namur
5520	Onhaye	Onhaye	Namur
5521	Serville	Onhaye	Namur
5522	Falaën	Onhaye	Namur
5523	Sommière	Onhaye	Namur
5523	Weillen	Onhaye	Namur
5524	Gerin	Onhaye	Namur
5530	Yvoir	Yvoir	Namur
5530	Godinne	Yvoir	Namur
5530	Évrehailles	Yvoir	Namur
5530	Durnal	Yvoir	Namur
5530	Spontin	Yvoir	Namur
5530	Mont	Yvoir	Namur
5530	Purnode	Yvoir	Namur
5530	Dorinne	Yvoir	Namur
5530	Houx	Yvoir	Namur
5537	Anhée	Anhée	Namur
5537	Bioul	Anhée	Namur
5537	Denée	Anhée	Namur
5537	Annevoie-Rouillon	Anhée	Namur
5537	Warnant	Anhée	Namur
5537	Haut-le-Wastia	Anhée	Namur
5537	Salet	Anhée	Namur
5537	Sosoye	Anhée	Namur
5537	Maredret	Anhée	Namur
5540	Hastière	Hastière	Namur
5540	Hastière-Lavaux	Hastière	Namur
5540	Hermeton-sur-Meuse	Hastière	Namur
5540	Waulsort	Hastière	Namur
5541	Hastière-par-delà	Hastière	Namur
5542	Blaimont	Hastière	Namur
5543	Heer	Hastière	Namur
5544	Agimont	Hastière	Namur
5550	Vresse-sur-Semois	Vresse-sur-Semois	Namur
5550	Alle	Vresse-sur-Semois	Namur
5550	Sugny	Vresse-sur-Semois	Namur
5550	Bohan	Vresse-sur-Semois	Namur
5550	Chairière	Vresse-sur-Semois	Namur
5550	Nafraiture	Vresse-sur-Semois	Namur
5550	Membre	Vresse-sur-Semois	Namur
5550	Orchimont	Vresse-sur-Semois	Namur
5550	Mouzaive	Vresse-sur-Semois	Namur
5550	Laforêt	Vresse-sur-Semois	Namur
5550	Pussemange	Vresse-sur-Semois	Namur
5550	Bagimont	Vresse-sur-Semois	Namur
5555	Bièvre	Bièvre	Namur
5555	Graide	Bièvre	Namur
5555	Gros-Fays	Bièvre	Namur
5555	Monceau-en-Ardenne	Bièvre	Namur
5555	Naomé	Bièvre	Namur
5555	Oizy	Bièvre	Namur
5555	Petit-Fays	Bièvre	Namur
5555	Baillamont	Bièvre	Namur
5555	Cornimont	Bièvre	Namur
5555	Bellefontaine	Bièvre	Namur
5555	Six-Planes	Bièvre	Namur
5560	Houyet	Houyet	Namur
5560	Mesnil-Saint-Blaise	Houyet	Namur
5560	Ciergnon	Houyet	Namur
5560	Hulsonniaux	Houyet	Namur
5560	Finnevaux	Houyet	Namur
5560	Mesnil-Église	Houyet	Namur
5561	Celles	Houyet	Namur
5562	Custinne	Houyet	Namur
5563	Hour	Houyet	Namur
5564	Wanlin	Houyet	Namur
5570	Beauraing	Beauraing	Namur
5570	Winenne	Beauraing	Namur
5570	Felenne	Beauraing	Namur
5570	Vonêche	Beauraing	Namur
5570	Baronville	Beauraing	Namur
5570	Feschaux	Beauraing	Namur
5570	Javingue	Beauraing	Namur
5570	Wancennes	Beauraing	Namur
5570	Dion	Beauraing	Namur
5570	Honnay	Beauraing	Namur
5571	Wiesme	Beauraing	Namur
5572	Focant	Beauraing	Namur
5573	Martouzin-Neuville	Beauraing	Namur
5574	Pondrôme	Beauraing	Namur
5575	Gedinne	Gedinne	Namur
5575	Rienne	Gedinne	Namur
5575	Vencimont	Gedinne	Namur
5575	Willerzie	Gedinne	Namur
5575	Louette-Saint-Denis	Gedinne	Namur
5575	Malvoisin	Gedinne	Namur
5575	Houdremont	Gedinne	Namur
5575	Louette-Saint-Pierre	Gedinne	Namur
5575	Patignies	Gedinne	Namur
5575	Sart-Custinne	Gedinne	Namur
5575	Bourseigne-Neuve	Gedinne	Namur
5575	Bourseigne-Vieille	Gedinne	Namur
5576	Froidfontaine	Beauraing	Namur
5580	Rochefort	Rochefort	Namur
5580	Jemelle	Rochefort	Namur
5580	Wavreille	Rochefort	Namur
5580	Mont-Gauthier	Rochefort	Namur
5580	Villers-sur-Lesse	Rochefort	Namur
5580	Han-sur-Lesse	Rochefort	Namur
5580	Buissonville	Rochefort	Namur
5580	Lavaux-Sainte-Anne	Rochefort	Namur
5580	Ave-et-Auffe	Rochefort	Namur
5580	Lessive	Rochefort	Namur
5580	Éprave	Rochefort	Namur
5590	Ciney	Ciney	Namur
5590	Leignon	Ciney	Namur
5590	Sovet	Ciney	Namur
5590	Serinchamps	Ciney	Namur
5590	Chevetogne	Ciney	Namur
5590	Achêne	Ciney	Namur
5590	Pessoux	Ciney	Namur
5590	Conneux	Ciney	Namur
5590	Braibant	Ciney	Namur
5600	Philippeville	Philippeville	Namur
5600	Villers-le-Gambon	Philippeville	Namur
5600	Romedenne	Philippeville	Namur
5600	Neuville	Philippeville	Namur
5600	Surice	Philippeville	Namur
5600	Sautour	Philippeville	Namur
5600	Jamagne	Philippeville	Namur
5600	Merlemont	Philippeville	Namur
5600	Fagnolle	Philippeville	Namur
5600	Roly	Philippeville	Namur
5600	Franchimont	Philippeville	Namur
5600	Vodecée	Philippeville	Namur
5600	Villers-en-Fagne	Philippeville	Namur
5600	Sart-en-Fagne	Philippeville	Namur
5600	Samart	Philippeville	Namur
5600	Jamiolle	Philippeville	Namur
5600	Omezée	Philippeville	Namur
5620	Florennes	Florennes	Namur
5620	Morialmé	Florennes	Namur
5620	Hanzinelle	Florennes	Namur
5620	Hanzinne	Florennes	Namur
5620	Saint-Aubin	Florennes	Namur
5620	Flavion	Florennes	Namur
5620	Rosée	Florennes	Namur
5620	Morville	Florennes	Namur
5620	Thy-le-Bauduin	Florennes	Namur
5620	Corenne	Florennes	Namur
5620	Hemptinne	Florennes	Namur
5630	Cerfontaine	Cerfontaine	Namur
5630	Senzeille	Cerfontaine	Namur
5630	Silenrieux	Cerfontaine	Namur
5630	Daussois	Cerfontaine	Namur
5630	Villers-Deux-Églises	Cerfontaine	Namur
5630	Soumoy	Cerfontaine	Namur
5640	Mettet	Mettet	Namur
5640	Saint-Gérard	Mettet	Namur
5640	Biesme	Mettet	Namur
5640	Biesmerée	Mettet	Namur
5640	Oret	Mettet	Namur
5640	Graux	Mettet	Namur
5641	Furnaux	Mettet	Namur
5644	Ermeton-sur-Biert	Mettet	Namur
5646	Stave	Mettet	Namur
5650	Walcourt	Walcourt	Namur
5650	Yves-Gomezée	Walcourt	Namur
5650	Fraire	Walcourt	Namur
5650	Chastrès	Walcourt	Namur
5650	Clermont	Walcourt	Namur
5650	Pry	Walcourt	Namur
5650	Castillon	Walcourt	Namur
5650	Vogenée	Walcourt	Namur
5650	Fontenelle	Walcourt	Namur
5651	Thy-le-Château	Walcourt	Namur
5651	Tarcienne	Walcourt	Namur
5651	Laneffe	Walcourt	Namur
5651	Somzée	Walcourt	Namur
5651	Gourdinne	Walcourt	Namur
5651	Berzée	Walcourt	Namur
5651	Rognée	Walcourt	Namur
5660	Couvin	Couvin	Namur
5660	Cul-des-Sarts	Couvin	Namur
5660	Mariembourg	Couvin	Namur
5660	Pesche	Couvin	Namur
5660	Petigny	Couvin	Namur
5660	Frasnes-lez-Couvin	Couvin	Namur
5660	Presgaux	Couvin	Namur
5660	Le Brûly	Couvin	Namur
5660	Boussu-en-Fagne	Couvin	Namur
5660	Gonrieux	Couvin	Namur
5660	Aublain	Couvin	Namur
5660	Dailly	Couvin	Namur
5660	Petite-Chapelle	Couvin	Namur
5660	Brûly-de-Pesche	Couvin	Namur
5670	Viroinval	Viroinval	Namur
5670	Nismes	Viroinval	Namur
5670	Olloy-sur-Viroin	Viroinval	Namur
5670	Oignies-en-Thiérache	Viroinval	Namur
5670	Vierves-sur-Viroin	Viroinval	Namur
5670	Treignes	Viroinval	Namur
5670	Mazée	Viroinval	Namur
5670	Dourbes	Viroinval	Namur
5670	Le Mesnil	Viroinval	Namur
5680	Doische	Doische	Namur
5680	Gimnée	Doische	Namur
5680	Romerée	Doische	Namur
5680	Gochenée	Doische	Namur
5680	Matagne-la-Grande	Doische	Namur
5680	Soulme	Doische	Namur
5680	Matagne-la-Petite	Doische	Namur
5680	Vaucelles	Doische	Namur
5680	Vodelée	Doische	Namur
5680	Niverlée	Doische	Namur
6000	Charleroi	Charleroi	Hainaut
6001	Marcinelle	Charleroi	Hainaut
6010	Couillet	Charleroi	Hainaut
6020	Dampremy	Charleroi	Hainaut
6030	Marchienne-au-Pont	Charleroi	Hainaut
6030	Goutroux	Charleroi	Hainaut
6031	Monceau-sur-Sambre	Charleroi	Hainaut
6032	Mont-sur-Marchienne	Charleroi	Hainaut
6040	Jumet	Charleroi	Hainaut
6041	Gosselies	Charleroi	Hainaut
6042	Lodelinsart	Charleroi	Hainaut
6043	Ransart	Charleroi	Hainaut
6044	Roux	Charleroi	Hainaut
6060	Gilly	Charleroi	Hainaut
6061	Montignies-sur-Sambre	Charleroi	Hainaut
6110	Montigny-le-Tilleul	Montigny-le-Tilleul	Hainaut
6111	Landelies	Montigny-le-Tilleul	Hainaut
6120	Ham-sur-Heure-Nalinnes	Ham-sur-Heure-Nalinnes	Hainaut
6120	Nalinnes	Ham-sur-Heure-Nalinnes	Hainaut
6120	Ham-sur-Heure	Ham-sur-Heure-Nalinnes	Hainaut
6120	Jamioulx	Ham-sur-Heure-Nalinnes	Hainaut
6120	Marbaix	Ham-sur-Heure-Nalinnes	Hainaut
6120	Cour-sur-Heure	Ham-sur-Heure-Nalinnes	Hainaut
6140	Fontaine-l’Évêque	Fontaine-l’Évêque	Hainaut
6141	Forchies-la-Marche	Fontaine-l’Évêque	Hainaut
6141	Leernes	Fontaine-l’Évêque	Hainaut
6150	Anderlues	Anderlues	Hainaut
6180	Courcelles	Courcelles	Hainaut
6181	Gouy-lez-Piéton	Courcelles	Hainaut
6182	Souvret	Courcelles	Hainaut
6183	Trazegnies	Courcelles	Hainaut
6200	Châtelet	Châtelet	Hainaut
6200	Châtelineau	Châtelet	Hainaut
6200	Bouffioulx	Châtelet	Hainaut
6210	Les Bons Villers	Les Bons Villers	Hainaut
6210	Frasnes-lez-Gosselies	Les Bons Villers	Hainaut
6210	Rèves	Les Bons Villers	Hainaut
6210	Villers-Perwin	Les Bons Villers	Hainaut
6210	Wayaux	Les Bons Villers	Hainaut
6211	Mellet	Les Bons Villers	Hainaut
6220	Fleurus	Fleurus	Hainaut
6220	Lambusart	Fleurus	Hainaut
6220	Wangenies	Fleurus	Hainaut
6220	Heppignies	Fleurus	Hainaut
6221	Saint-Amand	Fleurus	Hainaut
6222	Brye	Fleurus	Hainaut
6223	Wagnelée	Fleurus	Hainaut
6224	Wanfercée-Baulet	Fleurus	Hainaut
6230	Pont-à-Celles	Pont-à-Celles	Hainaut
6230	Thiméon	Pont-à-Celles	Hainaut
6230	Viesville	Pont-à-Celles	Hainaut
6230	Obaix	Pont-à-Celles	Hainaut
6230	Buzet	Pont-à-Celles	Hainaut
6238	Luttre	Pont-à-Celles	Hainaut
6238	Liberchies	Pont-à-Celles	Hainaut
6240	Farciennes	Farciennes	Hainaut
6240	Pironchamps	Farciennes	Hainaut
6250	Aiseau-Presles	Aiseau-Presles	Hainaut
6250	Pont-de-Loup	Aiseau-Presles	Hainaut
6250	Roselies	Aiseau-Presles	Hainaut
6250	Presles	Aiseau-Presles	Hainaut
6280	Gerpinnes	Gerpinnes	Hainaut
6280	Acoz	Gerpinnes	Hainaut
6280	Loverval	Gerpinnes	Hainaut
6280	Gougnies	Gerpinnes	Hainaut
6280	Villers-Poterie	Gerpinnes	Hainaut
6280	Joncret	Gerpinnes	Hainaut
6440	Froidchapelle	Froidchapelle	Hainaut
6440	Boussu-lez-Walcourt	Froidchapelle	Hainaut
6440	Vergnies	Froidchapelle	Hainaut
6440	Fourbechies	Froidchapelle	Hainaut
6441	Erpion	Froidchapelle	Hainaut
6460	Chimay	Chimay	Hainaut
6460	Villers-la-Tour	Chimay	Hainaut
6460	Saint-Remy	Chimay	Hainaut
6460	Salles	Chimay	Hainaut
6460	Bailièvre	Chimay	Hainaut
6460	Robechies	Chimay	Hainaut
6461	Virelles	Chimay	Hainaut
6462	Vaulx	Chimay	Hainaut
6463	Lompret	Chimay	Hainaut
6464	Forges	Chimay	Hainaut
6464	Baileux	Chimay	Hainaut
6464	Bourlers	Chimay	Hainaut
6464	Rièzes	Chimay	Hainaut
6464	L’Escaillère	Chimay	Hainaut
6470	Sivry-Rance	Sivry-Rance	Hainaut
6470	Rance	Sivry-Rance	Hainaut
6470	Sivry	Sivry-Rance	Hainaut
6470	Grandrieu	Sivry-Rance	Hainaut
6470	Sautin	Sivry-Rance	Hainaut
6470	Montbliart	Sivry-Rance	Hainaut
6500	Beaumont	Beaumont	Hainaut
6500	Solre-Saint-Géry	Beaumont	Hainaut
6500	Thirimont	Beaumont	Hainaut
6500	Renlies	Beaumont	Hainaut
6500	Leugnies	Beaumont	Hainaut
6500	Leval-Chaudeville	Beaumont	Hainaut
6500	Barbençon	Beaumont	Hainaut
6511	Strée	Beaumont	Hainaut
6530	Thuin	Thuin	Hainaut
6530	Leers-et-Fosteau	Thuin	Hainaut
6531	Biesme-sous-Thuin	Thuin	Hainaut
6532	Ragnies	Thuin	Hainaut
6533	Biercée	Thuin	Hainaut
6534	Gozée	Thuin	Hainaut
6536	Thuillies	Thuin	Hainaut
6536	Donstiennes	Thuin	Hainaut
6540	Lobbes	Lobbes	Hainaut
6540	Mont-Sainte-Geneviève	Lobbes	Hainaut
6542	Sars-la-Buissière	Lobbes	Hainaut
6543	Bienne-lez-Happart	Lobbes	Hainaut
6560	Erquelinnes	Erquelinnes	Hainaut
6560	Solre-sur-Sambre	Erquelinnes	Hainaut
6560	Grand-Reng	Erquelinnes	Hainaut
6560	Hantes-Wihéries	Erquelinnes	Hainaut
6560	Bersillies-l’Abbaye	Erquelinnes	Hainaut
6560	Montignies-Saint-Christophe	Erquelinnes	Hainaut
6567	Merbes-le-Château	Merbes-le-Château	Hainaut
6567	Labuissière	Merbes-le-Château	Hainaut
6567	Fontaine-Valmont	Merbes-le-Château	Hainaut
6567	Merbes-Sainte-Marie	Merbes-le-Château	Hainaut
6590	Momignies	Momignies	Hainaut
6591	Macon	Momignies	Hainaut
6592	Monceau-Imbrechies	Momignies	Hainaut
6593	Macquenoise	Momignies	Hainaut
6594	Beauwelz	Momignies	Hainaut
6596	Seloignes	Momignies	Hainaut
6596	Forge-Philippe	Momignies	Hainaut
6600	Bastogne	Bastogne	Luxembourg
6600	Wardin	Bastogne	Luxembourg
6600	Noville	Bastogne	Luxembourg
6600	Longvilly	Bastogne	Luxembourg
6600	Villers-la-Bonne-Eau	Bastogne	Luxembourg
6630	Martelange	Martelange	Luxembourg
6637	Fauvillers	Fauvillers	Luxembourg
6637	Hollange	Fauvillers	Luxembourg
6637	Tintange	Fauvillers	Luxembourg
6640	Vaux-sur-Sûre	Vaux-sur-Sûre	Luxembourg
6640	Hompré	Vaux-sur-Sûre	Luxembourg
6640	Nives	Vaux-sur-Sûre	Luxembourg
6640	Sibret	Vaux-sur-Sûre	Luxembourg
6640	Morhet	Vaux-sur-Sûre	Luxembourg
6640	Vaux-lez-Rosières	Vaux-sur-Sûre	Luxembourg
6642	Juseret	Vaux-sur-Sûre	Luxembourg
6660	Houffalize	Houffalize	Luxembourg
6660	Nadrin	Houffalize	Luxembourg
6661	Mont	Houffalize	Luxembourg
6661	Tailles	Houffalize	Luxembourg
6662	Tavigny	Houffalize	Luxembourg
6663	Mabompré	Houffalize	Luxembourg
6666	Wibrin	Houffalize	Luxembourg
6670	Gouvy	Gouvy	Luxembourg
6670	Limerlé	Gouvy	Luxembourg
6671	Bovigny	Gouvy	Luxembourg
6672	Beho	Gouvy	Luxembourg
6673	Cherain	Gouvy	Luxembourg
6674	Montleban	Gouvy	Luxembourg
6680	Sainte-Ode	Sainte-Ode	Luxembourg
6680	Tillet	Sainte-Ode	Luxembourg
6680	Amberloup	Sainte-Ode	Luxembourg
6681	Lavacherie	Sainte-Ode	Luxembourg
6686	Flamierge	Bertogne	Luxembourg
6687	Bertogne	Bertogne	Luxembourg
6688	Longchamps	Bertogne	Luxembourg
6690	Vielsalm	Vielsalm	Luxembourg
6690	Bihain	Vielsalm	Luxembourg
6692	Petit-Thier	Vielsalm	Luxembourg
6698	Grand-Halleux	Vielsalm	Luxembourg
6700	Arlon	Arlon	Luxembourg
6700	Bonnert	Arlon	Luxembourg
6700	Heinsch	Arlon	Luxembourg
6700	Toernich	Arlon	Luxembourg
6704	Guirsch	Arlon	Luxembourg
6706	Autelbas	Arlon	Luxembourg
6717	Attert	Attert	Luxembourg
6717	Nothomb	Attert	Luxembourg
6717	Nobressart	Attert	Luxembourg
6717	Tontelange	Attert	Luxembourg
6717	Thiaumont	Attert	Luxembourg
6720	Habay	Habay	Luxembourg
6720	Habay-la-Neuve	Habay	Luxembourg
6720	Hachy	Habay	Luxembourg
6721	Anlier	Habay	Luxembourg
6723	Habay-la-Vieille	Habay	Luxembourg
6724	Rulles	Habay	Luxembourg
6724	Marbehan	Habay	Luxembourg
6724	Houdemont	Habay	Luxembourg
6730	Tintigny	Tintigny	Luxembourg
6730	Bellefontaine	Tintigny	Luxembourg
6730	Rossignol	Tintigny	Luxembourg
6730	Saint-Vincent	Tintigny	Luxembourg
6740	Étalle	Étalle	Luxembourg
6740	Sainte-Marie	Étalle	Luxembourg
6740	Villers-sur-Semois	Étalle	Luxembourg
6741	Vance	Étalle	Luxembourg
6742	Chantemelle	Étalle	Luxembourg
6743	Buzenol	Étalle	Luxembourg
6747	Saint-Léger	Saint-Léger	Luxembourg
6747	Châtillon	Saint-Léger	Luxembourg
6747	Meix-le-Tige	Saint-Léger	Luxembourg
6750	Musson	Musson	Luxembourg
6750	Mussy-la-Ville	Musson	Luxembourg
6750	Signeulx	Musson	Luxembourg
6760	Virton	Virton	Luxembourg
6760	Bleid	Virton	Luxembourg
6760	Èthe	Virton	Luxembourg
6761	Latour	Virton	Luxembourg
6762	Saint-Mard	Virton	Luxembourg
6767	Rouvroy	Rouvroy	Luxembourg
6767	Dampicourt	Rouvroy	Luxembourg
6767	Ruette	Virton	Luxembourg
6767	Lamorteau	Rouvroy	Luxembourg
6767	Torgny	Rouvroy	Luxembourg
6767	Couvreux	Rouvroy	Luxembourg
6767	Harnoncourt	Rouvroy	Luxembourg
6767	Montquintin	Rouvroy	Luxembourg
6769	Meix-devant-Virton	Meix-devant-Virton	Luxembourg
6769	Gérouville	Meix-devant-Virton	Luxembourg
6769	Robelmont	Meix-devant-Virton	Luxembourg
6769	Sommethonne	Meix-devant-Virton	Luxembourg
6769	Villers-la-Loue	Meix-devant-Virton	Luxembourg
6780	Messancy	Messancy	Luxembourg
6780	Hondelange	Messancy	Luxembourg
6780	Wolkrange	Messancy	Luxembourg
6781	Sélange	Messancy	Luxembourg
6782	Habergy	Messancy	Luxembourg
6790	Aubange	Aubange	Luxembourg
6791	Athus	Aubange	Luxembourg
6792	Halanzy	Aubange	Luxembourg
6792	Rachecourt	Aubange	Luxembourg
6800	Libramont-Chevigny	Libramont-Chevigny	Luxembourg
6800	Sainte-Marie-Chevigny	Libramont-Chevigny	Luxembourg
6800	Bras	Libramont-Chevigny	Luxembourg
6800	Recogne	Libramont-Chevigny	Luxembourg
6800	Libramont	Libramont-Chevigny	Luxembourg
6800	Freux	Libramont-Chevigny	Luxembourg
6800	Saint-Pierre	Libramont-Chevigny	Luxembourg
6800	Remagne	Libramont-Chevigny	Luxembourg
6800	Moircy	Libramont-Chevigny	Luxembourg
6810	Chiny	Chiny	Luxembourg
6810	Izel	Chiny	Luxembourg
6810	Jamoigne	Chiny	Luxembourg
6811	Les Bulles	Chiny	Luxembourg
6812	Suxy	Chiny	Luxembourg
6813	Termes	Chiny	Luxembourg
6820	Florenville	Florenville	Luxembourg
6820	Muno	Florenville	Luxembourg
6820	Sainte-Cécile	Florenville	Luxembourg
6820	Fontenoille	Florenville	Luxembourg
6821	Lacuisine	Florenville	Luxembourg
6823	Villers-devant-Orval	Florenville	Luxembourg
6824	Chassepierre	Florenville	Luxembourg
6830	Bouillon	Bouillon	Luxembourg
6830	Rochehaut	Bouillon	Luxembourg
6830	Poupehan	Bouillon	Luxembourg
6830	Les Hayons	Bouillon	Luxembourg
6831	Noirefontaine	Bouillon	Luxembourg
6832	Sensenruth	Bouillon	Luxembourg
6833	Ucimont	Bouillon	Luxembourg
6833	Vivy	Bouillon	Luxembourg
6834	Bellevaux	Bouillon	Luxembourg
6836	Dohan	Bouillon	Luxembourg
6838	Corbion	Bouillon	Luxembourg
6840	Neufchâteau	Neufchâteau	Luxembourg
6840	Longlier	Neufchâteau	Luxembourg
6840	Grapfontaine	Neufchâteau	Luxembourg
6840	Tournay	Neufchâteau	Luxembourg
6840	Hamipré	Neufchâteau	Luxembourg
6840	Grandvoir	Neufchâteau	Luxembourg
6850	Paliseul	Paliseul	Luxembourg
6850	Carlsbourg	Paliseul	Luxembourg
6850	Opont	Paliseul	Luxembourg
6850	Offagne	Paliseul	Luxembourg
6851	Nollevaux	Paliseul	Luxembourg
6852	Maissin	Paliseul	Luxembourg
6853	Framont	Paliseul	Luxembourg
6856	Fays-les-Veneurs	Paliseul	Luxembourg
6860	Léglise	Léglise	Luxembourg
6860	Assenois	Léglise	Luxembourg
6860	Mellier	Léglise	Luxembourg
6860	Witry	Léglise	Luxembourg
6860	Ebly	Léglise	Luxembourg
6860	Vlessart	Léglise	Luxembourg
6870	Saint-Hubert	Saint-Hubert	Luxembourg
6870	Arville	Saint-Hubert	Luxembourg
6870	Hatrival	Saint-Hubert	Luxembourg
6870	Vesqueville	Saint-Hubert	Luxembourg
6870	Awenne	Saint-Hubert	Luxembourg
6870	Mirwart	Saint-Hubert	Luxembourg
6880	Bertrix	Bertrix	Luxembourg
6880	Orgeo	Bertrix	Luxembourg
6880	Jehonville	Bertrix	Luxembourg
6880	Cugnon	Bertrix	Luxembourg
6880	Auby-sur-Semois	Bertrix	Luxembourg
6887	Herbeumont	Herbeumont	Luxembourg
6887	Saint-Médard	Herbeumont	Luxembourg
6887	Straimont	Herbeumont	Luxembourg
6890	Libin	Libin	Luxembourg
6890	Ochamps	Libin	Luxembourg
6890	Transinne	Libin	Luxembourg
6890	Villance	Libin	Luxembourg
6890	Redu	Libin	Luxembourg
6890	Anloy	Libin	Luxembourg
6890	Smuid	Libin	Luxembourg
6900	Marche-en-Famenne	Marche-en-Famenne	Luxembourg
6900	Aye	Marche-en-Famenne	Luxembourg
6900	On	Marche-en-Famenne	Luxembourg
6900	Roy	Marche-en-Famenne	Luxembourg
6900	Humain	Marche-en-Famenne	Luxembourg
6900	Hargimont	Marche-en-Famenne	Luxembourg
6900	Marloie	Marche-en-Famenne	Luxembourg
6920	Wellin	Wellin	Luxembourg
6920	Sohier	Wellin	Luxembourg
6921	Chanly	Wellin	Luxembourg
6922	Halma	Wellin	Luxembourg
6924	Lomprez	Wellin	Luxembourg
6927	Tellin	Tellin	Luxembourg
6927	Bure	Tellin	Luxembourg
6927	Resteigne	Tellin	Luxembourg
6927	Grupont	Tellin	Luxembourg
6929	Daverdisse	Daverdisse	Luxembourg
6929	Haut-Fays	Daverdisse	Luxembourg
6929	Gembes	Daverdisse	Luxembourg
6929	Porcheresse	Daverdisse	Luxembourg
6940	Durbuy	Durbuy	Luxembourg
6940	Barvaux	Durbuy	Luxembourg
6940	Grandhan	Durbuy	Luxembourg
6940	Wéris	Durbuy	Luxembourg
6940	Septon	Durbuy	Luxembourg
6941	Tohogne	Durbuy	Luxembourg
6941	Bomal	Durbuy	Luxembourg
6941	Heyd	Durbuy	Luxembourg
6941	Izier	Durbuy	Luxembourg
6941	Borlon	Durbuy	Luxembourg
6941	Bende	Durbuy	Luxembourg
6941	Villers-Sainte-Gertrude	Durbuy	Luxembourg
6950	Nassogne	Nassogne	Luxembourg
6950	Harsin	Nassogne	Luxembourg
6951	Bande	Nassogne	Luxembourg
6952	Grune	Nassogne	Luxembourg
6953	Forrières	Nassogne	Luxembourg
6953	Ambly	Nassogne	Luxembourg
6953	Masbourg	Nassogne	Luxembourg
6953	Lesterny	Nassogne	Luxembourg
6960	Manhay	Manhay	Luxembourg
6960	Harre	Manhay	Luxembourg
6960	Grandménil	Manhay	Luxembourg
6960	Dochamps	Manhay	Luxembourg
6960	Odeigne	Manhay	Luxembourg
6960	Vaux-Chavanne	Manhay	Luxembourg
6960	Malempré	Manhay	Luxembourg
6970	Tenneville	Tenneville	Luxembourg
6971	Champlon	Tenneville	Luxembourg
6972	Erneuville	Tenneville	Luxembourg
6980	La Roche-en-Ardenne	La Roche-en-Ardenne	Luxembourg
6980	Beausaint	La Roche-en-Ardenne	Luxembourg
6982	Samrée	La Roche-en-Ardenne	Luxembourg
6983	Ortho	La Roche-en-Ardenne	Luxembourg
6984	Hives	La Roche-en-Ardenne	Luxembourg
6986	Halleux	La Roche-en-Ardenne	Luxembourg
6987	Rendeux	Rendeux	Luxembourg
6987	Marcourt	Rendeux	Luxembourg
6987	Hodister	Rendeux	Luxembourg
6987	Beffe	Rendeux	Luxembourg
6990	Hotton	Hotton	Luxembourg
6990	Fronville	Hotton	Luxembourg
6990	Hampteau	Hotton	Luxembourg
6990	Marenne	Hotton	Luxembourg
6997	Érezée	Érezée	Luxembourg
6997	Soy	Érezée	Luxembourg
6997	Mormont	Érezée	Luxembourg
6997	Amonines	Érezée	Luxembourg
7000	Mons	Mons	Hainaut
7011	Ghlin	Mons	Hainaut
7012	Jemappes	Mons	Hainaut
7012	Flénu	Mons	Hainaut
7020	Nimy	Mons	Hainaut
7020	Maisières	Mons	Hainaut
7021	Havré	Mons	Hainaut
7022	Hyon	Mons	Hainaut
7022	Mesvin	Mons	Hainaut
7022	Harmignies	Mons	Hainaut
7022	Harveng	Mons	Hainaut
7022	Nouvelles	Mons	Hainaut
7024	Ciply	Mons	Hainaut
7030	Saint-Symphorien	Mons	Hainaut
7031	Villers-Saint-Ghislain	Mons	Hainaut
7032	Spiennes	Mons	Hainaut
7033	Cuesmes	Mons	Hainaut
7034	Obourg	Mons	Hainaut
7034	Saint-Denis	Mons	Hainaut
7040	Quévy	Quévy	Hainaut
7040	Genly	Quévy	Hainaut
7040	Quévy-le-Petit	Quévy	Hainaut
7040	Quévy-le-Grand	Quévy	Hainaut
7040	Blaregnies	Quévy	Hainaut
7040	Aulnois	Quévy	Hainaut
7040	Bougnies	Quévy	Hainaut
7040	Asquillies	Quévy	Hainaut
7040	Gœgnies-Chaussée	Quévy	Hainaut
7041	Givry	Quévy	Hainaut
7041	Havay	Quévy	Hainaut
7050	Jurbise	Jurbise	Hainaut
7050	Herchies	Jurbise	Hainaut
7050	Masnuy-Saint-Jean	Jurbise	Hainaut
7050	Erbaut	Jurbise	Hainaut
7050	Masnuy-Saint-Pierre	Jurbise	Hainaut
7050	Erbisœul	Jurbise	Hainaut
7060	Soignies	Soignies	Hainaut
7060	Horrues	Soignies	Hainaut
7061	Casteau	Soignies	Hainaut
7061	Thieusies	Soignies	Hainaut
7062	Naast	Soignies	Hainaut
7063	Neufvilles	Soignies	Hainaut
7063	Chaussée-Notre-Dame-Louvignies	Soignies	Hainaut
7070	Le Rœulx	Le Rœulx	Hainaut
7070	Thieu	Le Rœulx	Hainaut
7070	Mignault	Le Rœulx	Hainaut
7070	Ville-sur-Haine	Le Rœulx	Hainaut
7070	Gottignies	Le Rœulx	Hainaut
7080	Frameries	Frameries	Hainaut
7080	La Bouverie	Frameries	Hainaut
7080	Eugies	Frameries	Hainaut
7080	Sars-la-Bruyère	Frameries	Hainaut
7080	Noirchain	Frameries	Hainaut
7090	Hennuyères	Braine-le-Comte	Hainaut
7090	Braine-le-Comte	Braine-le-Comte	Hainaut
7090	Ronquières	Braine-le-Comte	Hainaut
7090	Petit-Rœulx-lez-Braine	Braine-le-Comte	Hainaut
7090	Steenkerque	Braine-le-Comte	Hainaut
7090	Henripont	Braine-le-Comte	Hainaut
7100	La Louvière	La Louvière	Hainaut
7100	Haine-Saint-Pierre	La Louvière	Hainaut
7100	Haine-Saint-Paul	La Louvière	Hainaut
7100	Saint-Vaast	La Louvière	Hainaut
7100	Trivières	La Louvière	Hainaut
7110	Houdeng-Gœgnies	La Louvière	Hainaut
7110	Strépy-Bracquegnies	La Louvière	Hainaut
7110	Houdeng-Aimeries	La Louvière	Hainaut
7110	Maurage	La Louvière	Hainaut
7110	Boussoit	La Louvière	Hainaut
7120	Estinnes	Estinnes	Hainaut
7120	Estinnes-au-Mont	Estinnes	Hainaut
7120	Estinnes-au-Val	Estinnes	Hainaut
7120	Vellereille-les-Brayeux	Estinnes	Hainaut
7120	Haulchin	Estinnes	Hainaut
7120	Peissant	Estinnes	Hainaut
7120	Rouveroy	Estinnes	Hainaut
7120	Faurœulx	Estinnes	Hainaut
7120	Vellereille-le-Sec	Estinnes	Hainaut
7120	Croix-lez-Rouveroy	Estinnes	Hainaut
7130	Binche	Binche	Hainaut
7130	Bray	Binche	Hainaut
7130	Battignies	Binche	Hainaut
7131	Waudrez	Binche	Hainaut
7133	Buvrinnes	Binche	Hainaut
7134	Leval-Trahegnies	Binche	Hainaut
7134	Péronnes-lez-Binche	Binche	Hainaut
7134	Ressaix	Binche	Hainaut
7134	Épinois	Binche	Hainaut
7140	Morlanwelz	Morlanwelz	Hainaut
7140	Morlanwelz-Mariemont	Morlanwelz	Hainaut
7141	Carnières	Morlanwelz	Hainaut
7141	Mont-Sainte-Aldegonde	Morlanwelz	Hainaut
7160	Chapelle-lez-Herlaimont	Chapelle-lez-Herlaimont	Hainaut
7160	Godarville	Chapelle-lez-Herlaimont	Hainaut
7160	Piéton	Chapelle-lez-Herlaimont	Hainaut
7170	Manage	Manage	Hainaut
7170	Fayt-lez-Manage	Manage	Hainaut
7170	La Hestre	Manage	Hainaut
7170	Bois-d’Haine	Manage	Hainaut
7170	Bellecourt	Manage	Hainaut
7180	Seneffe	Seneffe	Hainaut
7181	Feluy	Seneffe	Hainaut
7181	Arquennes	Seneffe	Hainaut
7181	Familleureux	Seneffe	Hainaut
7181	Petit-Rœulx-lez-Nivelles	Seneffe	Hainaut
7190	Écaussinnes	Écaussinnes	Hainaut
7190	Écaussinnes-d’Enghien	Écaussinnes	Hainaut
7190	Marche-lez-Écaussinnes	Écaussinnes	Hainaut
7191	Écaussinnes-Lalaing	Écaussinnes	Hainaut
7300	Boussu	Boussu	Hainaut
7301	Hornu	Boussu	Hainaut
7320	Bernissart	Bernissart	Hainaut
7321	Blaton	Bernissart	Hainaut
7321	Harchies	Bernissart	Hainaut
7322	Pommerœul	Bernissart	Hainaut
7322	Ville-Pommerœul	Bernissart	Hainaut
7330	Saint-Ghislain	Saint-Ghislain	Hainaut
7331	Baudour	Saint-Ghislain	Hainaut
7332	Sirault	Saint-Ghislain	Hainaut
7332	Neufmaison	Saint-Ghislain	Hainaut
7333	Tertre	Saint-Ghislain	Hainaut
7334	Hautrage	Saint-Ghislain	Hainaut
7334	Villerot	Saint-Ghislain	Hainaut
7340	Colfontaine	Colfontaine	Hainaut
7340	Pâturages	Colfontaine	Hainaut
7340	Warquignies	Colfontaine	Hainaut
7340	Wasmes	Colfontaine	Hainaut
7350	Hensies	Hensies	Hainaut
7350	Thulin	Hensies	Hainaut
7350	Montrœul-sur-Haine	Hensies	Hainaut
7350	Hainin	Hensies	Hainaut
7370	Dour	Dour	Hainaut
7370	Élouges	Dour	Hainaut
7370	Wihéries	Dour	Hainaut
7370	Blaugies	Dour	Hainaut
7380	Quiévrain	Quiévrain	Hainaut
7380	Baisieux	Quiévrain	Hainaut
7382	Audregnies	Quiévrain	Hainaut
7387	Honnelles	Honnelles	Hainaut
7387	Roisin	Honnelles	Hainaut
7387	Angre	Honnelles	Hainaut
7387	Montignies-sur-Roc	Honnelles	Hainaut
7387	Erquennes	Honnelles	Hainaut
7387	Fayt-le-Franc	Honnelles	Hainaut
7387	Angreau	Honnelles	Hainaut
7387	Athis	Honnelles	Hainaut
7387	Autreppe	Honnelles	Hainaut
7387	Onnezies	Honnelles	Hainaut
7387	Marchipont	Honnelles	Hainaut
7390	Quaregnon	Quaregnon	Hainaut
7390	Wasmuel	Quaregnon	Hainaut
7500	Tournai	Tournai	Hainaut
7500	Ere	Tournai	Hainaut
7500	Saint-Maur	Tournai	Hainaut
7501	Orcq	Tournai	Hainaut
7502	Esplechin	Tournai	Hainaut
7503	Froyennes	Tournai	Hainaut
7504	Froidmont	Tournai	Hainaut
7506	Willemeau	Tournai	Hainaut
7520	Templeuve	Tournai	Hainaut
7520	Ramegnies-Chin	Tournai	Hainaut
7521	Chercq	Tournai	Hainaut
7522	Blandain	Tournai	Hainaut
7522	Marquain	Tournai	Hainaut
7522	Lamain	Tournai	Hainaut
7522	Hertain	Tournai	Hainaut
7530	Gaurain-Ramecroix	Tournai	Hainaut
7531	Havinnes	Tournai	Hainaut
7532	Beclers	Tournai	Hainaut
7533	Thimougies	Tournai	Hainaut
7534	Barry	Tournai	Hainaut
7534	Maulde	Tournai	Hainaut
7536	Vaulx	Tournai	Hainaut
7538	Vezon	Tournai	Hainaut
7540	Kain	Tournai	Hainaut
7540	Rumillies	Tournai	Hainaut
7540	Melles	Tournai	Hainaut
7540	Quartes	Tournai	Hainaut
7542	Mont-Saint-Aubert	Tournai	Hainaut
7543	Mourcourt	Tournai	Hainaut
7548	Warchin	Tournai	Hainaut
7600	Péruwelz	Péruwelz	Hainaut
7601	Roucourt	Péruwelz	Hainaut
7602	Bury	Péruwelz	Hainaut
7603	Bon-Secours	Péruwelz	Hainaut
7604	Baugnies	Péruwelz	Hainaut
7604	Braffe	Péruwelz	Hainaut
7604	Callenelle	Péruwelz	Hainaut
7604	Brasménil	Péruwelz	Hainaut
7604	Wasmes-Audemez-Briffœil	Péruwelz	Hainaut
7608	Wiers	Péruwelz	Hainaut
7610	Rumes	Rumes	Hainaut
7611	La Glanerie	Rumes	Hainaut
7618	Taintignies	Rumes	Hainaut
7620	Brunehaut	Brunehaut	Hainaut
7620	Hollain	Brunehaut	Hainaut
7620	Wez-Velvain	Brunehaut	Hainaut
7620	Bléharies	Brunehaut	Hainaut
7620	Guignies	Brunehaut	Hainaut
7620	Jollain-Merlin	Brunehaut	Hainaut
7621	Lesdain	Brunehaut	Hainaut
7622	Laplaigne	Brunehaut	Hainaut
7623	Rongy	Brunehaut	Hainaut
7624	Howardries	Brunehaut	Hainaut
7640	Antoing	Antoing	Hainaut
7640	Maubray	Antoing	Hainaut
7640	Péronnes-lez-Antoing	Antoing	Hainaut
7641	Bruyelle	Antoing	Hainaut
7642	Calonne	Antoing	Hainaut
7643	Fontenoy	Antoing	Hainaut
7700	Mouscron	Mouscron	Hainaut
7700	Luingne	Mouscron	Hainaut
7711	Dottignies	Mouscron	Hainaut
7712	Herseaux	Mouscron	Hainaut
7730	Estaimpuis	Estaimpuis	Hainaut
7730	Néchin	Estaimpuis	Hainaut
7730	Leers-Nord	Estaimpuis	Hainaut
7730	Estaimbourg	Estaimpuis	Hainaut
7730	Évregnies	Estaimpuis	Hainaut
7730	Saint-Léger	Estaimpuis	Hainaut
7730	Bailleul	Estaimpuis	Hainaut
7740	Pecq	Pecq	Hainaut
7740	Warcoing	Pecq	Hainaut
7742	Hérinnes	Pecq	Hainaut
7743	Obigies	Pecq	Hainaut
7743	Esquelmes	Pecq	Hainaut
7750	Mont-de-l’Enclus	Mont-de-l’Enclus	Hainaut
7750	Amougies	Mont-de-l’Enclus	Hainaut
7750	Anserœul	Mont-de-l’Enclus	Hainaut
7750	Orroir	Mont-de-l’Enclus	Hainaut
7750	Russeignies	Mont-de-l’Enclus	Hainaut
7760	Celles	Celles	Hainaut
7760	Velaines	Celles	Hainaut
7760	Pottes	Celles	Hainaut
7760	Escanaffles	Celles	Hainaut
7760	Molenbaix	Celles	Hainaut
7760	Popuelles	Celles	Hainaut
7780	Comines-Warneton	Comines-Warneton	Hainaut
7780	Comines	Comines-Warneton	Hainaut
7781	Houthem	Comines-Warneton	Hainaut
7782	Ploegsteert	Comines-Warneton	Hainaut
7784	Warneton	Comines-Warneton	Hainaut
7800	Ath	Ath	Hainaut
7800	Lanquesaint	Ath	Hainaut
7801	Irchonwelz	Ath	Hainaut
7802	Ormeignies	Ath	Hainaut
7803	Bouvignies	Ath	Hainaut
7804	Rebaix	Ath	Hainaut
7804	Ostiches	Ath	Hainaut
7810	Maffle	Ath	Hainaut
7811	Arbre	Ath	Hainaut
7812	Mainvault	Ath	Hainaut
7812	Ligne	Ath	Hainaut
7812	Houtaing	Ath	Hainaut
7812	Villers-Saint-Amand	Ath	Hainaut
7812	Moulbaix	Ath	Hainaut
7812	Villers-Notre-Dame	Ath	Hainaut
7822	Meslin-l’Évêque	Ath	Hainaut
7822	Isières	Ath	Hainaut
7822	Ghislenghien	Ath	Hainaut
7823	Gibecq	Ath	Hainaut
7830	Silly	Silly	Hainaut
7830	Bassilly	Silly	Hainaut
7830	Graty	Silly	Hainaut
7830	Hoves	Silly	Hainaut
7830	Hellebecq	Silly	Hainaut
7830	Thoricourt	Silly	Hainaut
7830	Fouleng	Silly	Hainaut
7830	Gondregnies	Silly	Hainaut
7850	Enghien	Enghien	Hainaut
7850	Petit-Enghien	Enghien	Hainaut
7850	Marcq	Enghien	Hainaut
7860	Lessines	Lessines	Hainaut
7861	Wannebecq	Lessines	Hainaut
7861	Papignies	Lessines	Hainaut
7862	Ogy	Lessines	Hainaut
7863	Ghoy	Lessines	Hainaut
7864	Deux-Acren	Lessines	Hainaut
7866	Bois-de-Lessines	Lessines	Hainaut
7866	Ollignies	Lessines	Hainaut
7870	Lens	Lens	Hainaut
7870	Cambron-Saint-Vincent	Lens	Hainaut
7870	Bauffe	Lens	Hainaut
7870	Montignies-lez-Lens	Lens	Hainaut
7870	Lombise	Lens	Hainaut
7880	Flobecq	Flobecq	Hainaut
7890	Ellezelles	Ellezelles	Hainaut
7890	Wodecq	Ellezelles	Hainaut
7890	Lahamaide	Ellezelles	Hainaut
7900	Leuze-en-Hainaut	Leuze-en-Hainaut	Hainaut
7900	Grandmetz	Leuze-en-Hainaut	Hainaut
7900	Thieulain	Leuze-en-Hainaut	Hainaut
7903	Chapelle-à-Wattines	Leuze-en-Hainaut	Hainaut
7903	Blicquy	Leuze-en-Hainaut	Hainaut
7903	Chapelle-à-Oie	Leuze-en-Hainaut	Hainaut
7904	Pipaix	Leuze-en-Hainaut	Hainaut
7904	Tourpes	Leuze-en-Hainaut	Hainaut
7904	Willaupuis	Leuze-en-Hainaut	Hainaut
7906	Gallaix	Leuze-en-Hainaut	Hainaut
7910	Frasnes-lez-Anvaing	Frasnes-lez-Anvaing	Hainaut
7910	Arc-Wattripont	Frasnes-lez-Anvaing	Hainaut
7910	Forest	Frasnes-lez-Anvaing	Hainaut
7910	Cordes	Frasnes-lez-Anvaing	Hainaut
7911	Frasnes-lez-Buissenal	Frasnes-lez-Anvaing	Hainaut
7911	Œudeghien	Frasnes-lez-Anvaing	Hainaut
7911	Moustier	Frasnes-lez-Anvaing	Hainaut
7911	Montrœul-au-Bois	Frasnes-lez-Anvaing	Hainaut
7911	Buissenal	Frasnes-lez-Anvaing	Hainaut
7911	Hacquegnies	Frasnes-lez-Anvaing	Hainaut
7911	Herquegies	Frasnes-lez-Anvaing	Hainaut
7912	Saint-Sauveur	Frasnes-lez-Anvaing	Hainaut
7912	Dergneau	Frasnes-lez-Anvaing	Hainaut
7940	Brugelette	Brugelette	Hainaut
7940	Cambron-Casteau	Brugelette	Hainaut
7941	Attre	Brugelette	Hainaut
7942	Mévergnies-lez-Lens	Brugelette	Hainaut
7943	Gages	Brugelette	Hainaut
7950	Chièvres	Chièvres	Hainaut
7950	Huissignies	Chièvres	Hainaut
7950	Ladeuze	Chièvres	Hainaut
7950	Grosage	Chièvres	Hainaut
7950	Tongre-Saint-Martin	Chièvres	Hainaut
7951	Tongre-Notre-Dame	Chièvres	Hainaut
7970	Belœil	Belœil	Hainaut
7971	Basècles	Belœil	Hainaut
7971	Wadelincourt	Belœil	Hainaut
7971	Thumaide	Belœil	Hainaut
7971	Ramegnies	Belœil	Hainaut
7972	Ellignies-Sainte-Anne	Belœil	Hainaut
7972	Aubechies	Belœil	Hainaut
7973	Stambruges	Belœil	Hainaut
7973	Quevaucamps	Belœil	Hainaut
7973	Grandglise	Belœil	Hainaut
8000	Brugge	Brugge	Flandre-Occidentale
8000	Koolkerke	Brugge	Flandre-Occidentale
8020	Oostkamp	Oostkamp	Flandre-Occidentale
8020	Ruddervoorde	Oostkamp	Flandre-Occidentale
8020	Hertsberge	Oostkamp	Flandre-Occidentale
8020	Waardamme	Oostkamp	Flandre-Occidentale
8200	Sint-Andries	Brugge	Flandre-Occidentale
8200	Sint-Michiels	Brugge	Flandre-Occidentale
8210	Zedelgem	Zedelgem	Flandre-Occidentale
8210	Loppem	Zedelgem	Flandre-Occidentale
8210	Veldegem	Zedelgem	Flandre-Occidentale
8211	Aartrijke	Zedelgem	Flandre-Occidentale
8300	Knokke-Heist	Knokke-Heist	Flandre-Occidentale
8300	Knokke	Knokke-Heist	Flandre-Occidentale
8300	Westkapelle	Knokke-Heist	Flandre-Occidentale
8301	Heist	Knokke-Heist	Flandre-Occidentale
8301	Ramskapelle	Knokke-Heist	Flandre-Occidentale
8310	Assebroek	Brugge	Flandre-Occidentale
8310	Sint-Kruis	Brugge	Flandre-Occidentale
8340	Damme	Damme	Flandre-Occidentale
8340	Sijsele	Damme	Flandre-Occidentale
8340	Moerkerke	Damme	Flandre-Occidentale
8340	Oostkerke	Damme	Flandre-Occidentale
8340	Lapscheure	Damme	Flandre-Occidentale
8340	Hoeke	Damme	Flandre-Occidentale
8370	Blankenberge	Blankenberge	Flandre-Occidentale
8370	Uitkerke	Blankenberge	Flandre-Occidentale
8377	Zuienkerke	Zuienkerke	Flandre-Occidentale
8377	Nieuwmunster	Zuienkerke	Flandre-Occidentale
8377	Meetkerke	Zuienkerke	Flandre-Occidentale
8377	Houtave	Zuienkerke	Flandre-Occidentale
8380	Lissewege	Brugge	Flandre-Occidentale
8380	Zeebrugge	Brugge	Flandre-Occidentale
8380	Dudzele	Brugge	Flandre-Occidentale
8400	Oostende	Oostende	Flandre-Occidentale
8400	Stene	Oostende	Flandre-Occidentale
8400	Zandvoorde	Oostende	Flandre-Occidentale
8420	De Haan	De Haan	Flandre-Occidentale
8420	Klemskerke	De Haan	Flandre-Occidentale
8420	Wenduine	De Haan	Flandre-Occidentale
8421	Vlissegem	De Haan	Flandre-Occidentale
8430	Middelkerke	Middelkerke	Flandre-Occidentale
8431	Wilskerke	Middelkerke	Flandre-Occidentale
8432	Leffinge	Middelkerke	Flandre-Occidentale
8433	Slijpe	Middelkerke	Flandre-Occidentale
8433	Schore	Middelkerke	Flandre-Occidentale
8433	Sint-Pieters-Kapelle	Middelkerke	Flandre-Occidentale
8434	Westende	Middelkerke	Flandre-Occidentale
8434	Lombardsijde	Middelkerke	Flandre-Occidentale
8450	Bredene	Bredene	Flandre-Occidentale
8460	Oudenburg	Oudenburg	Flandre-Occidentale
8460	Ettelgem	Oudenburg	Flandre-Occidentale
8460	Westkerke	Oudenburg	Flandre-Occidentale
8460	Roksem	Oudenburg	Flandre-Occidentale
8470	Gistel	Gistel	Flandre-Occidentale
8470	Moere	Gistel	Flandre-Occidentale
8470	Snaaskerke	Gistel	Flandre-Occidentale
8470	Zevekote	Gistel	Flandre-Occidentale
8480	Ichtegem	Ichtegem	Flandre-Occidentale
8480	Eernegem	Ichtegem	Flandre-Occidentale
8480	Bekegem	Ichtegem	Flandre-Occidentale
8490	Jabbeke	Jabbeke	Flandre-Occidentale
8490	Varsenare	Jabbeke	Flandre-Occidentale
8490	Snellegem	Jabbeke	Flandre-Occidentale
8490	Zerkegem	Jabbeke	Flandre-Occidentale
8490	Stalhille	Jabbeke	Flandre-Occidentale
8500	Kortrijk	Kortrijk	Flandre-Occidentale
8501	Heule	Kortrijk	Flandre-Occidentale
8501	Bissegem	Kortrijk	Flandre-Occidentale
8510	Marke	Kortrijk	Flandre-Occidentale
8510	Bellegem	Kortrijk	Flandre-Occidentale
8510	Rollegem	Kortrijk	Flandre-Occidentale
8510	Kooigem	Kortrijk	Flandre-Occidentale
8511	Aalbeke	Kortrijk	Flandre-Occidentale
8520	Kuurne	Kuurne	Flandre-Occidentale
8530	Harelbeke	Harelbeke	Flandre-Occidentale
8531	Bavikhove	Harelbeke	Flandre-Occidentale
8531	Hulste	Harelbeke	Flandre-Occidentale
8540	Deerlijk	Deerlijk	Flandre-Occidentale
8550	Zwevegem	Zwevegem	Flandre-Occidentale
8551	Heestert	Zwevegem	Flandre-Occidentale
8552	Moen	Zwevegem	Flandre-Occidentale
8553	Otegem	Zwevegem	Flandre-Occidentale
8554	Sint-Denijs	Zwevegem	Flandre-Occidentale
8560	Wevelgem	Wevelgem	Flandre-Occidentale
8560	Gullegem	Wevelgem	Flandre-Occidentale
8560	Moorsele	Wevelgem	Flandre-Occidentale
8570	Anzegem	Anzegem	Flandre-Occidentale
8570	Vichte	Anzegem	Flandre-Occidentale
8570	Ingooigem	Anzegem	Flandre-Occidentale
8570	Gijzelbrechtegem	Anzegem	Flandre-Occidentale
8572	Kaster	Anzegem	Flandre-Occidentale
8573	Tiegem	Anzegem	Flandre-Occidentale
8580	Avelgem	Avelgem	Flandre-Occidentale
8581	Kerkhove	Avelgem	Flandre-Occidentale
8581	Waarmaarde	Avelgem	Flandre-Occidentale
8582	Outrijve	Avelgem	Flandre-Occidentale
8583	Bossuit	Avelgem	Flandre-Occidentale
8587	Spiere-Helkijn	Spiere-Helkijn	Flandre-Occidentale
8587	Spiere	Spiere-Helkijn	Flandre-Occidentale
8587	Helkijn	Spiere-Helkijn	Flandre-Occidentale
8600	Diksmuide	Diksmuide	Flandre-Occidentale
8600	Esen	Diksmuide	Flandre-Occidentale
8600	Beerst	Diksmuide	Flandre-Occidentale
8600	Keiem	Diksmuide	Flandre-Occidentale
8600	Leke	Diksmuide	Flandre-Occidentale
8600	Vladslo	Diksmuide	Flandre-Occidentale
8600	Woumen	Diksmuide	Flandre-Occidentale
8600	Pervijze	Diksmuide	Flandre-Occidentale
8600	Kaaskerke	Diksmuide	Flandre-Occidentale
8600	Nieuwkapelle	Diksmuide	Flandre-Occidentale
8600	Oostkerke	Diksmuide	Flandre-Occidentale
8600	Lampernisse	Diksmuide	Flandre-Occidentale
8600	Stuivekenskerke	Diksmuide	Flandre-Occidentale
8600	Oudekapelle	Diksmuide	Flandre-Occidentale
8600	Sint-Jacobs-Kapelle	Diksmuide	Flandre-Occidentale
8610	Kortemark	Kortemark	Flandre-Occidentale
8610	Handzame	Kortemark	Flandre-Occidentale
8610	Zarren	Kortemark	Flandre-Occidentale
8610	Werken	Kortemark	Flandre-Occidentale
8620	Nieuwpoort	Nieuwpoort	Flandre-Occidentale
8620	Ramskapelle	Nieuwpoort	Flandre-Occidentale
8620	Sint-Joris	Nieuwpoort	Flandre-Occidentale
8630	Veurne	Veurne	Flandre-Occidentale
8630	Bulskamp	Veurne	Flandre-Occidentale
8630	Houtem	Veurne	Flandre-Occidentale
8630	Steenkerke	Veurne	Flandre-Occidentale
8630	Avekapelle	Veurne	Flandre-Occidentale
8630	Vinkem	Veurne	Flandre-Occidentale
8630	Wulveringem	Veurne	Flandre-Occidentale
8630	Eggewaartskapelle	Veurne	Flandre-Occidentale
8630	Booitshoeke	Veurne	Flandre-Occidentale
8630	De Moeren	Veurne	Flandre-Occidentale
8630	Zoutenaaie	Veurne	Flandre-Occidentale
8640	Vleteren	Vleteren	Flandre-Occidentale
8640	Oostvleteren	Vleteren	Flandre-Occidentale
8640	Westvleteren	Vleteren	Flandre-Occidentale
8640	Woesten	Vleteren	Flandre-Occidentale
8647	Lo-Reninge	Lo-Reninge	Flandre-Occidentale
8647	Lo	Lo-Reninge	Flandre-Occidentale
8647	Reninge	Lo-Reninge	Flandre-Occidentale
8647	Pollinkhove	Lo-Reninge	Flandre-Occidentale
8647	Noordschote	Lo-Reninge	Flandre-Occidentale
8650	Houthulst	Houthulst	Flandre-Occidentale
8650	Klerken	Houthulst	Flandre-Occidentale
8650	Merkem	Houthulst	Flandre-Occidentale
8660	De Panne	De Panne	Flandre-Occidentale
8660	Adinkerke	De Panne	Flandre-Occidentale
8670	Koksijde	Koksijde	Flandre-Occidentale
8670	Oostduinkerke	Koksijde	Flandre-Occidentale
8670	Wulpen	Koksijde	Flandre-Occidentale
8680	Koekelare	Koekelare	Flandre-Occidentale
8680	Bovekerke	Koekelare	Flandre-Occidentale
8680	Zande	Koekelare	Flandre-Occidentale
8690	Alveringem	Alveringem	Flandre-Occidentale
8690	Hoogstade	Alveringem	Flandre-Occidentale
8690	Oeren	Alveringem	Flandre-Occidentale
8690	Sint-Rijkers	Alveringem	Flandre-Occidentale
8691	Leisele	Alveringem	Flandre-Occidentale
8691	Beveren	Alveringem	Flandre-Occidentale
8691	Stavele	Alveringem	Flandre-Occidentale
8691	Izenberge	Alveringem	Flandre-Occidentale
8691	Gijverinkhove	Alveringem	Flandre-Occidentale
8700	Tielt (stad)	Tielt	Flandre-Occidentale
8700	Aarsele	Tielt	Flandre-Occidentale
8700	Kanegem	Tielt	Flandre-Occidentale
8700	Schuiferskapelle	Tielt	Flandre-Occidentale
8710	Wielsbeke	Wielsbeke	Flandre-Occidentale
8710	Ooigem	Wielsbeke	Flandre-Occidentale
8710	Sint-Baafs-Vijve	Wielsbeke	Flandre-Occidentale
8720	Dentergem	Dentergem	Flandre-Occidentale
8720	Wakken	Dentergem	Flandre-Occidentale
8720	Oeselgem	Dentergem	Flandre-Occidentale
8720	Markegem	Dentergem	Flandre-Occidentale
8730	Beernem	Beernem	Flandre-Occidentale
8730	Oedelem	Beernem	Flandre-Occidentale
8730	Sint-Joris (deelgemeente)	Beernem	Flandre-Occidentale
8740	Pittem	Pittem	Flandre-Occidentale
8740	Egem	Pittem	Flandre-Occidentale
8750	Wingene	Wingene	Flandre-Occidentale
8750	Zwevezele	Wingene	Flandre-Occidentale
8755	Ruiselede	Ruiselede	Flandre-Occidentale
8760	Meulebeke	Meulebeke	Flandre-Occidentale
8770	Ingelmunster	Ingelmunster	Flandre-Occidentale
8780	Oostrozebeke	Oostrozebeke	Flandre-Occidentale
8790	Waregem	Waregem	Flandre-Occidentale
8791	Beveren	Waregem	Flandre-Occidentale
8792	Desselgem	Waregem	Flandre-Occidentale
8793	Sint-Eloois-Vijve	Waregem	Flandre-Occidentale
8800	Roeselare	Roeselare	Flandre-Occidentale
8800	Rumbeke	Roeselare	Flandre-Occidentale
8800	Beveren	Roeselare	Flandre-Occidentale
8800	Oekene	Roeselare	Flandre-Occidentale
8810	Lichtervelde	Lichtervelde	Flandre-Occidentale
8820	Torhout	Torhout	Flandre-Occidentale
8830	Hooglede	Hooglede	Flandre-Occidentale
8830	Gits	Hooglede	Flandre-Occidentale
8840	Staden	Staden	Flandre-Occidentale
8840	Oostnieuwkerke	Staden	Flandre-Occidentale
8840	Westrozebeke	Staden	Flandre-Occidentale
8850	Ardooie	Ardooie	Flandre-Occidentale
8851	Koolskamp	Ardooie	Flandre-Occidentale
8860	Lendelede	Lendelede	Flandre-Occidentale
8870	Izegem	Izegem	Flandre-Occidentale
8870	Emelgem	Izegem	Flandre-Occidentale
8870	Kachtem	Izegem	Flandre-Occidentale
8880	Ledegem	Ledegem	Flandre-Occidentale
8880	Sint-Eloois-Winkel	Ledegem	Flandre-Occidentale
8880	Rollegem-Kapelle	Ledegem	Flandre-Occidentale
8890	Moorslede	Moorslede	Flandre-Occidentale
8890	Dadizele	Moorslede	Flandre-Occidentale
8900	Ieper	Ieper	Flandre-Occidentale
8900	Dikkebus	Ieper	Flandre-Occidentale
8900	Sint-Jan	Ieper	Flandre-Occidentale
8900	Brielen	Ieper	Flandre-Occidentale
8902	Zillebeke	Ieper	Flandre-Occidentale
8902	Voormezele	Ieper	Flandre-Occidentale
8902	Hollebeke	Ieper	Flandre-Occidentale
8904	Boezinge	Ieper	Flandre-Occidentale
8904	Zuidschote	Ieper	Flandre-Occidentale
8906	Elverdinge	Ieper	Flandre-Occidentale
8908	Vlamertinge	Ieper	Flandre-Occidentale
8920	Langemark-Poelkapelle	Langemark-Poelkapelle	Flandre-Occidentale
8920	Langemark	Langemark-Poelkapelle	Flandre-Occidentale
8920	Poelkapelle	Langemark-Poelkapelle	Flandre-Occidentale
8920	Bikschote	Langemark-Poelkapelle	Flandre-Occidentale
8930	Menen	Menen	Flandre-Occidentale
8930	Lauwe	Menen	Flandre-Occidentale
8930	Rekkem	Menen	Flandre-Occidentale
8940	Wervik	Wervik	Flandre-Occidentale
8940	Geluwe	Wervik	Flandre-Occidentale
8950	Heuvelland	Heuvelland	Flandre-Occidentale
8950	Nieuwkerke	Heuvelland	Flandre-Occidentale
8951	Dranouter	Heuvelland	Flandre-Occidentale
8952	Wulvergem	Heuvelland	Flandre-Occidentale
8953	Wijtschate	Heuvelland	Flandre-Occidentale
8954	Westouter	Heuvelland	Flandre-Occidentale
8956	Kemmel	Heuvelland	Flandre-Occidentale
8957	Mesen	Mesen	Flandre-Occidentale
8958	Loker	Heuvelland	Flandre-Occidentale
8970	Poperinge	Poperinge	Flandre-Occidentale
8970	Reningelst	Poperinge	Flandre-Occidentale
8972	Proven	Poperinge	Flandre-Occidentale
8972	Roesbrugge-Haringe	Poperinge	Flandre-Occidentale
8972	Krombeke	Poperinge	Flandre-Occidentale
8978	Watou	Poperinge	Flandre-Occidentale
8980	Zonnebeke	Zonnebeke	Flandre-Occidentale
8980	Beselare	Zonnebeke	Flandre-Occidentale
8980	Passendale	Zonnebeke	Flandre-Occidentale
8980	Geluveld	Zonnebeke	Flandre-Occidentale
8980	Zandvoorde	Zonnebeke	Flandre-Occidentale
9000	Gent	Gent	Flandre-Orientale
9030	Mariakerke	Gent	Flandre-Orientale
9031	Drongen	Gent	Flandre-Orientale
9032	Wondelgem	Gent	Flandre-Orientale
9040	Sint-Amandsberg	Gent	Flandre-Orientale
9041	Oostakker	Gent	Flandre-Orientale
9042	Sint-Kruis-Winkel	Gent	Flandre-Orientale
9042	Desteldonk	Gent	Flandre-Orientale
9042	Mendonk	Gent	Flandre-Orientale
9050	Gentbrugge	Gent	Flandre-Orientale
9050	Ledeberg	Gent	Flandre-Orientale
9051	Sint-Denijs-Westrem	Gent	Flandre-Orientale
9051	Afsnee	Gent	Flandre-Orientale
9052	Zwijnaarde	Gent	Flandre-Orientale
9060	Zelzate	Zelzate	Flandre-Orientale
9070	Destelbergen	Destelbergen	Flandre-Orientale
9070	Heusden	Destelbergen	Flandre-Orientale
9080	Lochristi	Lochristi	Flandre-Orientale
9080	Beervelde	Lochristi	Flandre-Orientale
9080	Zaffelare	Lochristi	Flandre-Orientale
9080	Zeveneken	Lochristi	Flandre-Orientale
9090	Melle	Melle	Flandre-Orientale
9090	Gontrode	Melle	Flandre-Orientale
9100	Sint-Niklaas	Sint-Niklaas	Flandre-Orientale
9100	Nieuwkerken-Waas	Sint-Niklaas	Flandre-Orientale
9111	Belsele	Sint-Niklaas	Flandre-Orientale
9112	Sinaai	Sint-Niklaas	Flandre-Orientale
9120	Beveren	Beveren	Flandre-Orientale
9120	Melsele	Beveren	Flandre-Orientale
9120	Haasdonk	Beveren	Flandre-Orientale
9120	Vrasene	Beveren	Flandre-Orientale
9120	Kallo	Beveren	Flandre-Orientale
9130	Kieldrecht	Beveren	Flandre-Orientale
9130	Verrebroek	Beveren	Flandre-Orientale
9130	Doel	Beveren	Flandre-Orientale
9140	Temse	Temse	Flandre-Orientale
9140	Tielrode	Temse	Flandre-Orientale
9140	Steendorp	Temse	Flandre-Orientale
9140	Elversele	Temse	Flandre-Orientale
9150	Kruibeke	Kruibeke	Flandre-Orientale
9150	Bazel	Kruibeke	Flandre-Orientale
9150	Rupelmonde	Kruibeke	Flandre-Orientale
9160	Lokeren	Lokeren	Flandre-Orientale
9160	Eksaarde	Lokeren	Flandre-Orientale
9160	Daknam	Lokeren	Flandre-Orientale
9170	Sint-Gillis-Waas	Sint-Gillis-Waas	Flandre-Orientale
9170	Sint-Pauwels	Sint-Gillis-Waas	Flandre-Orientale
9170	De Klinge	Sint-Gillis-Waas	Flandre-Orientale
9170	Meerdonk	Sint-Gillis-Waas	Flandre-Orientale
9185	Wachtebeke	Wachtebeke	Flandre-Orientale
9190	Stekene	Stekene	Flandre-Orientale
9190	Kemzeke	Stekene	Flandre-Orientale
9200	Dendermonde	Dendermonde	Flandre-Orientale
9200	Sint-Gillis-bij-Dendermonde	Dendermonde	Flandre-Orientale
9200	Grembergen	Dendermonde	Flandre-Orientale
9200	Baasrode	Dendermonde	Flandre-Orientale
9200	Oudegem	Dendermonde	Flandre-Orientale
9200	Appels	Dendermonde	Flandre-Orientale
9200	Schoonaarde	Dendermonde	Flandre-Orientale
9200	Mespelare	Dendermonde	Flandre-Orientale
9220	Hamme	Hamme	Flandre-Orientale
9220	Moerzeke	Hamme	Flandre-Orientale
9230	Wetteren	Wetteren	Flandre-Orientale
9230	Massemen	Wetteren	Flandre-Orientale
9230	Westrem	Wetteren	Flandre-Orientale
9240	Zele	Zele	Flandre-Orientale
9250	Waasmunster	Waasmunster	Flandre-Orientale
9255	Buggenhout	Buggenhout	Flandre-Orientale
9255	Opdorp	Buggenhout	Flandre-Orientale
9260	Wichelen	Wichelen	Flandre-Orientale
9260	Schellebelle	Wichelen	Flandre-Orientale
9260	Serskamp	Wichelen	Flandre-Orientale
9270	Laarne	Laarne	Flandre-Orientale
9270	Kalken	Laarne	Flandre-Orientale
9280	Lebbeke	Lebbeke	Flandre-Orientale
9280	Denderbelle	Lebbeke	Flandre-Orientale
9280	Wieze	Lebbeke	Flandre-Orientale
9290	Berlare	Berlare	Flandre-Orientale
9290	Overmere	Berlare	Flandre-Orientale
9290	Uitbergen	Berlare	Flandre-Orientale
9300	Aalst	Aalst	Flandre-Orientale
9308	Hofstade	Aalst	Flandre-Orientale
9308	Gijzegem	Aalst	Flandre-Orientale
9310	Moorsel	Aalst	Flandre-Orientale
9310	Herdersem	Aalst	Flandre-Orientale
9310	Meldert	Aalst	Flandre-Orientale
9310	Baardegem	Aalst	Flandre-Orientale
9320	Erembodegem	Aalst	Flandre-Orientale
9320	Nieuwerkerken	Aalst	Flandre-Orientale
9340	Lede	Lede	Flandre-Orientale
9340	Oordegem	Lede	Flandre-Orientale
9340	Impe	Lede	Flandre-Orientale
9340	Smetlede	Lede	Flandre-Orientale
9340	Wanzele	Lede	Flandre-Orientale
9400	Ninove	Ninove	Flandre-Orientale
9400	Denderwindeke	Ninove	Flandre-Orientale
9400	Appelterre-Eichem	Ninove	Flandre-Orientale
9400	Okegem	Ninove	Flandre-Orientale
9400	Nederhasselt	Ninove	Flandre-Orientale
9400	Voorde	Ninove	Flandre-Orientale
9400	Lieferinge	Ninove	Flandre-Orientale
9401	Pollare	Ninove	Flandre-Orientale
9402	Meerbeke	Ninove	Flandre-Orientale
9403	Neigem	Ninove	Flandre-Orientale
9404	Aspelare	Ninove	Flandre-Orientale
9406	Outer	Ninove	Flandre-Orientale
9420	Erpe-Mere	Erpe-Mere	Flandre-Orientale
9420	Erpe	Erpe-Mere	Flandre-Orientale
9420	Mere	Erpe-Mere	Flandre-Orientale
9420	Burst	Erpe-Mere	Flandre-Orientale
9420	Aaigem	Erpe-Mere	Flandre-Orientale
9420	Bambrugge	Erpe-Mere	Flandre-Orientale
9420	Erondegem	Erpe-Mere	Flandre-Orientale
9420	Ottergem	Erpe-Mere	Flandre-Orientale
9420	Vlekkem	Erpe-Mere	Flandre-Orientale
9433	Mannekensvere	Middelkerke	Flandre-Occidentale
9450	Haaltert	Haaltert	Flandre-Orientale
9450	Denderhoutem	Haaltert	Flandre-Orientale
9450	Heldergem	Haaltert	Flandre-Orientale
9451	Kerksken	Haaltert	Flandre-Orientale
9470	Denderleeuw	Denderleeuw	Flandre-Orientale
9472	Iddergem	Denderleeuw	Flandre-Orientale
9473	Welle	Denderleeuw	Flandre-Orientale
9500	Geraardsbergen	Geraardsbergen	Flandre-Orientale
9500	Moerbeke	Moerbeke	Flandre-Orientale
9500	Overboelare	Geraardsbergen	Flandre-Orientale
9500	Goeferdinge	Geraardsbergen	Flandre-Orientale
9500	Moerbeke	Geraardsbergen	Flandre-Orientale
9500	Onkerzele	Geraardsbergen	Flandre-Orientale
9500	Ophasselt	Geraardsbergen	Flandre-Orientale
9500	Viane	Geraardsbergen	Flandre-Orientale
9500	Nederboelare	Geraardsbergen	Flandre-Orientale
9500	Zarlardinge	Geraardsbergen	Flandre-Orientale
9506	Idegem	Geraardsbergen	Flandre-Orientale
9506	Schendelbeke	Geraardsbergen	Flandre-Orientale
9506	Zandbergen	Geraardsbergen	Flandre-Orientale
9506	Grimminge	Geraardsbergen	Flandre-Orientale
9506	Smeerebbe-Vloerzegem	Geraardsbergen	Flandre-Orientale
9506	Nieuwenhove	Geraardsbergen	Flandre-Orientale
9506	Waarbeke	Geraardsbergen	Flandre-Orientale
9520	Sint-Lievens-Houtem	Sint-Lievens-Houtem	Flandre-Orientale
9520	Vlierzele	Sint-Lievens-Houtem	Flandre-Orientale
9520	Bavegem	Sint-Lievens-Houtem	Flandre-Orientale
9520	Zonnegem	Sint-Lievens-Houtem	Flandre-Orientale
9521	Letterhoutem	Sint-Lievens-Houtem	Flandre-Orientale
9550	Herzele	Herzele	Flandre-Orientale
9550	Hillegem	Herzele	Flandre-Orientale
9550	Sint-Lievens-Esse	Herzele	Flandre-Orientale
9550	Steenhuize-Wijnhuize	Herzele	Flandre-Orientale
9550	Woubrechtegem	Herzele	Flandre-Orientale
9550	Sint-Antelinks	Herzele	Flandre-Orientale
9551	Ressegem	Herzele	Flandre-Orientale
9552	Borsbeke	Herzele	Flandre-Orientale
9570	Lierde	Lierde	Flandre-Orientale
9570	Deftinge	Lierde	Flandre-Orientale
9570	Sint-Maria-Lierde	Lierde	Flandre-Orientale
9571	Hemelveerdegem	Lierde	Flandre-Orientale
9572	Sint-Martens-Lierde	Lierde	Flandre-Orientale
9600	Ronse	Ronse	Flandre-Orientale
9620	Zottegem	Zottegem	Flandre-Orientale
9620	Strijpen	Zottegem	Flandre-Orientale
9620	Erwetegem	Zottegem	Flandre-Orientale
9620	Velzeke-Ruddershove	Zottegem	Flandre-Orientale
9620	Sint-Maria-Oudenhove	Zottegem	Flandre-Orientale
9620	Elene	Zottegem	Flandre-Orientale
9620	Godveerdegem	Zottegem	Flandre-Orientale
9620	Grotenberge	Zottegem	Flandre-Orientale
9620	Leeuwergem	Zottegem	Flandre-Orientale
9620	Sint-Goriks-Oudenhove	Zottegem	Flandre-Orientale
9620	Oombergen	Zottegem	Flandre-Orientale
9630	Zwalm	Zwalm	Flandre-Orientale
9630	Munkzwalm	Zwalm	Flandre-Orientale
9630	Roborst	Zwalm	Flandre-Orientale
9630	Sint-Denijs-Boekel	Zwalm	Flandre-Orientale
9630	Hundelgem	Zwalm	Flandre-Orientale
9630	Sint-Blasius-Boekel	Zwalm	Flandre-Orientale
9630	Sint-Maria-Latem	Zwalm	Flandre-Orientale
9630	Rozebeke	Zwalm	Flandre-Orientale
9630	Beerlegem	Zwalm	Flandre-Orientale
9630	Meilegem	Zwalm	Flandre-Orientale
9630	Dikkele	Zwalm	Flandre-Orientale
9630	Paulatem	Zwalm	Flandre-Orientale
9636	Nederzwalm-Hermelgem	Zwalm	Flandre-Orientale
9660	Brakel	Brakel	Flandre-Orientale
9660	Nederbrakel	Brakel	Flandre-Orientale
9660	Everbeek	Brakel	Flandre-Orientale
9660	Opbrakel	Brakel	Flandre-Orientale
9660	Elst	Brakel	Flandre-Orientale
9660	Zegelsem	Brakel	Flandre-Orientale
9660	Michelbeke	Brakel	Flandre-Orientale
9661	Parike	Brakel	Flandre-Orientale
9667	Horebeke	Horebeke	Flandre-Orientale
9667	Sint-Maria-Horebeke	Horebeke	Flandre-Orientale
9667	Sint-Kornelis-Horebeke	Horebeke	Flandre-Orientale
9680	Maarkedal	Maarkedal	Flandre-Orientale
9680	Etikhove	Maarkedal	Flandre-Orientale
9680	Maarke-Kerkem	Maarkedal	Flandre-Orientale
9681	Nukerke	Maarkedal	Flandre-Orientale
9688	Schorisse	Maarkedal	Flandre-Orientale
9690	Kluisbergen	Kluisbergen	Flandre-Orientale
9690	Ruien	Kluisbergen	Flandre-Orientale
9690	Berchem	Kluisbergen	Flandre-Orientale
9690	Zulzeke	Kluisbergen	Flandre-Orientale
9690	Kwaremont	Kluisbergen	Flandre-Orientale
9700	Oudenaarde	Oudenaarde	Flandre-Orientale
9700	Eine	Oudenaarde	Flandre-Orientale
9700	Bevere	Oudenaarde	Flandre-Orientale
9700	Ename	Oudenaarde	Flandre-Orientale
9700	Edelare	Oudenaarde	Flandre-Orientale
9700	Leupegem	Oudenaarde	Flandre-Orientale
9700	Mater	Oudenaarde	Flandre-Orientale
9700	Nederename	Oudenaarde	Flandre-Orientale
9700	Heurne	Oudenaarde	Flandre-Orientale
9700	Volkegem	Oudenaarde	Flandre-Orientale
9700	Welden	Oudenaarde	Flandre-Orientale
9700	Melden	Oudenaarde	Flandre-Orientale
9700	Mullem	Oudenaarde	Flandre-Orientale
9750	Kruisem	Kruisem	Flandre-Orientale
9750	Zingem	Kruisem	Flandre-Orientale
9750	Huise	Kruisem	Flandre-Orientale
9750	Ouwegem	Kruisem	Flandre-Orientale
9770	Kruishoutem	Kruisem	Flandre-Orientale
9771	Nokere	Kruisem	Flandre-Orientale
9772	Wannegem-Lede	Kruisem	Flandre-Orientale
9790	Wortegem-Petegem	Wortegem-Petegem	Flandre-Orientale
9790	Petegem-aan-de-Schelde	Wortegem-Petegem	Flandre-Orientale
9790	Wortegem	Wortegem-Petegem	Flandre-Orientale
9790	Elsegem	Wortegem-Petegem	Flandre-Orientale
9790	Ooike	Wortegem-Petegem	Flandre-Orientale
9790	Moregem	Wortegem-Petegem	Flandre-Orientale
9800	Deinze	Deinze	Flandre-Orientale
9800	Petegem-aan-de-Leie	Deinze	Flandre-Orientale
9800	Astene	Deinze	Flandre-Orientale
9800	Bachte-Maria-Leerne	Deinze	Flandre-Orientale
9800	Vinkt	Deinze	Flandre-Orientale
9800	Wontergem	Deinze	Flandre-Orientale
9800	Grammene	Deinze	Flandre-Orientale
9800	Zeveren	Deinze	Flandre-Orientale
9800	Meigem	Deinze	Flandre-Orientale
9800	Gottem	Deinze	Flandre-Orientale
9810	Nazareth	Nazareth	Flandre-Orientale
9810	Eke	Nazareth	Flandre-Orientale
9820	Merelbeke	Merelbeke	Flandre-Orientale
9820	Bottelare	Merelbeke	Flandre-Orientale
9820	Melsen	Merelbeke	Flandre-Orientale
9820	Schelderode	Merelbeke	Flandre-Orientale
9820	Lemberge	Merelbeke	Flandre-Orientale
9820	Munte	Merelbeke	Flandre-Orientale
9830	Sint-Martens-Latem	Sint-Martens-Latem	Flandre-Orientale
9830	Sint-Martens-Leerne	Deinze	Flandre-Orientale
9831	Deurle	Sint-Martens-Latem	Flandre-Orientale
9840	De Pinte	De Pinte	Flandre-Orientale
9840	Zevergem	De Pinte	Flandre-Orientale
9850	Nevele	Deinze	Flandre-Orientale
9850	Landegem	Deinze	Flandre-Orientale
9850	Hansbeke	Deinze	Flandre-Orientale
9850	Merendree	Deinze	Flandre-Orientale
9850	Vosselare	Deinze	Flandre-Orientale
9850	Poesele	Deinze	Flandre-Orientale
9860	Oosterzele	Oosterzele	Flandre-Orientale
9860	Balegem	Oosterzele	Flandre-Orientale
9860	Scheldewindeke	Oosterzele	Flandre-Orientale
9860	Gijzenzele	Oosterzele	Flandre-Orientale
9860	Moortsele	Oosterzele	Flandre-Orientale
9860	Landskouter	Oosterzele	Flandre-Orientale
9870	Zulte	Zulte	Flandre-Orientale
9870	Machelen (deelgemeente)	Zulte	Flandre-Orientale
9870	Olsene	Zulte	Flandre-Orientale
9880	Aalter	Aalter	Flandre-Orientale
9880	Lotenhulle	Aalter	Flandre-Orientale
9880	Poeke	Aalter	Flandre-Orientale
9881	Bellem	Aalter	Flandre-Orientale
9890	Gavere	Gavere	Flandre-Orientale
9890	Asper	Gavere	Flandre-Orientale
9890	Dikkelvenne	Gavere	Flandre-Orientale
9890	Semmerzake	Gavere	Flandre-Orientale
9890	Vurste	Gavere	Flandre-Orientale
9890	Baaigem	Gavere	Flandre-Orientale
9900	Eeklo	Eeklo	Flandre-Orientale
9910	Knesselare	Aalter	Flandre-Orientale
9910	Ursel	Aalter	Flandre-Orientale
9920	Lievegem	Lievegem	Flandre-Orientale
9920	Lovendegem	Lievegem	Flandre-Orientale
9921	Vinderhoute	Lievegem	Flandre-Orientale
9930	Zomergem	Lievegem	Flandre-Orientale
9931	Oostwinkel	Lievegem	Flandre-Orientale
9932	Ronsele	Lievegem	Flandre-Orientale
9940	Evergem	Evergem	Flandre-Orientale
9940	Ertvelde	Evergem	Flandre-Orientale
9940	Sleidinge	Evergem	Flandre-Orientale
9940	Kluizen	Evergem	Flandre-Orientale
9950	Waarschoot	Lievegem	Flandre-Orientale
9960	Assenede	Assenede	Flandre-Orientale
9961	Boekhoute	Assenede	Flandre-Orientale
9968	Bassevelde	Assenede	Flandre-Orientale
9968	Oosteeklo	Assenede	Flandre-Orientale
9970	Kaprijke	Kaprijke	Flandre-Orientale
9971	Lembeke	Kaprijke	Flandre-Orientale
9980	Sint-Laureins	Sint-Laureins	Flandre-Orientale
9981	Sint-Margriete	Sint-Laureins	Flandre-Orientale
9982	Sint-Jan-in-Eremo	Sint-Laureins	Flandre-Orientale
9988	Watervliet	Sint-Laureins	Flandre-Orientale
9988	Waterland-Oudeman	Sint-Laureins	Flandre-Orientale
9990	Maldegem	Maldegem	Flandre-Orientale
9991	Adegem	Maldegem	Flandre-Orientale
9992	Middelburg	Maldegem	Flandre-Orientale